PointID,X_EPSG3857,Y_EPSG3857,PolylineID,RoadName,Status,R1_ft,R2_ft
data/2025spring/2025-3-9ChicoGroup1/GX011307.MP4/processed_frames/res_st_td_frame_0.jpg,-13564236.54,4825939.28,120,W 2ND ST,Normal,8.8,28.9
data/2025spring/2025-3-9ChicoGroup1/GX011307.MP4/processed_frames/res_st_td_frame_1.jpg,-13564238.32,4825935.08,120,W 2ND ST,Normal,3.7,17.6
data/2025spring/2025-3-9ChicoGroup1/GX011307.MP4/processed_frames/res_st_td_frame_2.jpg,-13564240.66,4825931.32,120,W 2ND ST,Normal,0.3,6.6
data/2025spring/2025-3-9ChicoGroup1/GX011307.MP4/processed_frames/res_st_td_frame_3.jpg,-13564241.88,4825926.4,130,W 2ND ST,Normal,7.1,8.1
data/2025spring/2025-3-9ChicoGroup1/GX011307.MP4/processed_frames/res_st_td_frame_4.jpg,-13564242.55,4825920.61,130,W 2ND ST,Normal,16.9,22.4
data/2025spring/2025-3-9ChicoGroup1/GX011307.MP4/processed_frames/res_st_td_frame_5.jpg,-13564242.22,4825914.96,130,W 2ND ST,Normal,28.2,36.7
data/2025spring/2025-3-9ChicoGroup1/GX011307.MP4/processed_frames/res_st_td_frame_6.jpg,-13564240.1,4825909.03,130,W 2ND ST,Normal,42.9,52.0
data/2025spring/2025-3-9ChicoGroup1/GX011307.MP4/processed_frames/res_st_td_frame_7.jpg,-13564236.98,4825903.67,130,W 2ND ST,Normal,58.3,66.6
data/2025spring/2025-3-9ChicoGroup1/GX011307.MP4/processed_frames/res_st_td_frame_8.jpg,-13564233.98,4825899.48,,UNMATCHED,Not found,71.2,78.7
data/2025spring/2025-3-9ChicoGroup1/GX011307.MP4/processed_frames/res_st_td_frame_9.jpg,-13564230.75,4825895.71,,UNMATCHED,Not found,83.7,90.2
data/2025spring/2025-3-9ChicoGroup1/GX011307.MP4/processed_frames/res_st_td_frame_10.jpg,-13564227.41,4825891.66,,UNMATCHED,Not found,96.9,102.7
data/2025spring/2025-3-9ChicoGroup1/GX011307.MP4/processed_frames/res_st_td_frame_11.jpg,-13564224.4,4825888.33,,UNMATCHED,Not found,108.2,113.4
data/2025spring/2025-3-9ChicoGroup1/GX011307.MP4/processed_frames/res_st_td_frame_12.jpg,-13564221.18,4825884.57,,UNMATCHED,Not found,120.7,125.4
data/2025spring/2025-3-9ChicoGroup1/GX011307.MP4/processed_frames/res_st_td_frame_13.jpg,-13564217.95,4825880.95,,UNMATCHED,Not found,132.9,137.1
data/2025spring/2025-3-9ChicoGroup1/GX011307.MP4/processed_frames/res_st_td_frame_14.jpg,-13564214.72,4825877.19,,UNMATCHED,Not found,145.4,149.3
data/2025spring/2025-3-9ChicoGroup1/GX011307.MP4/processed_frames/res_st_td_frame_15.jpg,-13564211.6,4825873.71,,UNMATCHED,Not found,157.2,160.8
data/2025spring/2025-3-9ChicoGroup1/GX011307.MP4/processed_frames/res_st_td_frame_16.jpg,-13564208.49,4825870.1,,UNMATCHED,Not found,169.2,172.6
data/2025spring/2025-3-9ChicoGroup1/GX011307.MP4/processed_frames/res_st_td_frame_17.jpg,-13564205.37,4825866.62,,UNMATCHED,Not found,164.2,166.7
data/2025spring/2025-3-9ChicoGroup1/GX011307.MP4/processed_frames/res_st_td_frame_18.jpg,-13564202.36,4825863.0,,UNMATCHED,Not found,152.3,155.1
data/2025spring/2025-3-9ChicoGroup1/GX011307.MP4/processed_frames/res_st_td_frame_19.jpg,-13564199.25,4825859.53,,UNMATCHED,Not found,140.6,143.5
data/2025spring/2025-3-9ChicoGroup1/GX011307.MP4/processed_frames/res_st_td_frame_20.jpg,-13564196.35,4825856.06,,UNMATCHED,Not found,129.2,132.3
data/2025spring/2025-3-9ChicoGroup1/GX011307.MP4/processed_frames/res_st_td_frame_21.jpg,-13564193.12,4825852.29,,UNMATCHED,Not found,116.7,120.2
data/2025spring/2025-3-9ChicoGroup1/GX011307.MP4/processed_frames/res_st_td_frame_22.jpg,-13564189.67,4825848.24,,UNMATCHED,Not found,103.3,107.2
data/2025spring/2025-3-9ChicoGroup1/GX011307.MP4/processed_frames/res_st_td_frame_23.jpg,-13564186.56,4825844.62,,UNMATCHED,Not found,91.2,95.6
data/2025spring/2025-3-9ChicoGroup1/GX011307.MP4/processed_frames/res_st_td_frame_24.jpg,-13564181.55,4825842.31,,UNMATCHED,Not found,78.6,81.8
data/2025spring/2025-3-9ChicoGroup1/GX011307.MP4/processed_frames/res_st_td_frame_25.jpg,-13564178.99,4825839.12,,UNMATCHED,Not found,68.3,72.1
data/2025spring/2025-3-9ChicoGroup1/GX011307.MP4/processed_frames/res_st_td_frame_26.jpg,-13564176.43,4825836.08,140,W 3RD ST,Normal,58.3,62.7
data/2025spring/2025-3-9ChicoGroup1/GX011307.MP4/processed_frames/res_st_td_frame_27.jpg,-13564173.64,4825832.9,140,W 3RD ST,Normal,47.6,52.9
data/2025spring/2025-3-9ChicoGroup1/GX011307.MP4/processed_frames/res_st_td_frame_28.jpg,-13564171.08,4825829.86,140,W 3RD ST,Normal,37.6,44.1
data/2025spring/2025-3-9ChicoGroup1/GX011307.MP4/processed_frames/res_st_td_frame_29.jpg,-13564168.41,4825826.68,140,W 3RD ST,Normal,27.1,35.7
data/2025spring/2025-3-9ChicoGroup1/GX011308.MP4/processed_frames/res_st_td_frame_190.jpg,-13564154.94,4825837.82,130,W 3RD ST,Normal,25.9,33.6
data/2025spring/2025-3-9ChicoGroup1/GX011308.MP4/processed_frames/res_st_td_frame_191.jpg,-13564158.17,4825841.58,130,W 3RD ST,Normal,38.4,44.0
data/2025spring/2025-3-9ChicoGroup1/GX011308.MP4/processed_frames/res_st_td_frame_192.jpg,-13564160.95,4825844.77,130,W 3RD ST,Normal,49.0,53.6
data/2025spring/2025-3-9ChicoGroup1/GX011308.MP4/processed_frames/res_st_td_frame_193.jpg,-13564163.74,4825847.95,130,W 3RD ST,Normal,59.7,63.5
data/2025spring/2025-3-9ChicoGroup1/GX011308.MP4/processed_frames/res_st_td_frame_194.jpg,-13564167.3,4825851.86,,UNMATCHED,Not found,73.0,76.1
data/2025spring/2025-3-9ChicoGroup1/GX011308.MP4/processed_frames/res_st_td_frame_195.jpg,-13564170.41,4825855.48,,UNMATCHED,Not found,85.0,87.8
data/2025spring/2025-3-9ChicoGroup1/GX011308.MP4/processed_frames/res_st_td_frame_196.jpg,-13564173.09,4825858.52,,UNMATCHED,Not found,95.2,97.7
data/2025spring/2025-3-9ChicoGroup1/GX011308.MP4/processed_frames/res_st_td_frame_197.jpg,-13564175.42,4825861.27,,UNMATCHED,Not found,104.3,106.6
data/2025spring/2025-3-9ChicoGroup1/GX011308.MP4/processed_frames/res_st_td_frame_198.jpg,-13564178.1,4825864.31,,UNMATCHED,Not found,114.5,116.7
data/2025spring/2025-3-9ChicoGroup1/GX011308.MP4/processed_frames/res_st_td_frame_199.jpg,-13564180.66,4825867.2,,UNMATCHED,Not found,124.3,126.2
data/2025spring/2025-3-9ChicoGroup1/GX011308.MP4/processed_frames/res_st_td_frame_200.jpg,-13564183.22,4825870.24,,UNMATCHED,Not found,134.3,136.1
data/2025spring/2025-3-9ChicoGroup1/GX011308.MP4/processed_frames/res_st_td_frame_201.jpg,-13564185.78,4825873.14,,UNMATCHED,Not found,144.0,145.8
data/2025spring/2025-3-9ChicoGroup1/GX011308.MP4/processed_frames/res_st_td_frame_202.jpg,-13564188.78,4825876.61,,UNMATCHED,Not found,155.6,157.2
data/2025spring/2025-3-9ChicoGroup1/GX011308.MP4/processed_frames/res_st_td_frame_203.jpg,-13564191.79,4825879.94,,UNMATCHED,Not found,166.9,168.4
data/2025spring/2025-3-9ChicoGroup1/GX011308.MP4/processed_frames/res_st_td_frame_204.jpg,-13564194.91,4825883.41,,UNMATCHED,Not found,166.4,167.2
data/2025spring/2025-3-9ChicoGroup1/GX011308.MP4/processed_frames/res_st_td_frame_205.jpg,-13564197.8,4825886.74,,UNMATCHED,Not found,155.3,156.1
data/2025spring/2025-3-9ChicoGroup1/GX011308.MP4/processed_frames/res_st_td_frame_206.jpg,-13564200.69,4825889.92,,UNMATCHED,Not found,144.4,145.3
data/2025spring/2025-3-9ChicoGroup1/GX011308.MP4/processed_frames/res_st_td_frame_207.jpg,-13564203.81,4825893.4,,UNMATCHED,Not found,132.7,133.6
data/2025spring/2025-3-9ChicoGroup1/GX011308.MP4/processed_frames/res_st_td_frame_208.jpg,-13564206.82,4825896.73,,UNMATCHED,Not found,121.4,122.3
data/2025spring/2025-3-9ChicoGroup1/GX011308.MP4/processed_frames/res_st_td_frame_209.jpg,-13564209.15,4825900.06,,UNMATCHED,Not found,111.2,112.4
data/2025spring/2025-3-9ChicoGroup1/GX011308.MP4/processed_frames/res_st_td_frame_210.jpg,-13564211.71,4825903.1,,UNMATCHED,Not found,101.1,102.5
data/2025spring/2025-3-9ChicoGroup1/GX011308.MP4/processed_frames/res_st_td_frame_211.jpg,-13564214.5,4825906.28,,UNMATCHED,Not found,90.5,91.9
data/2025spring/2025-3-9ChicoGroup1/GX011308.MP4/processed_frames/res_st_td_frame_212.jpg,-13564217.06,4825909.32,,UNMATCHED,Not found,80.5,82.1
data/2025spring/2025-3-9ChicoGroup1/GX011308.MP4/processed_frames/res_st_td_frame_213.jpg,-13564219.73,4825912.79,,UNMATCHED,Not found,69.4,71.4
data/2025spring/2025-3-9ChicoGroup1/GX011308.MP4/processed_frames/res_st_td_frame_214.jpg,-13564222.07,4825915.69,,UNMATCHED,Not found,60.1,62.4
data/2025spring/2025-3-9ChicoGroup1/GX011308.MP4/processed_frames/res_st_td_frame_215.jpg,-13564222.51,4825916.56,120,W 2ND ST,Normal,57.7,60.3
data/2025spring/2025-3-9ChicoGroup1/GX011278.MP4/processed_frames/res_st_td_frame_0.jpg,-13564152.71,4825821.03,140,W 3RD ST,Normal,9.5,9.7
data/2025spring/2025-3-9ChicoGroup1/GX011278.MP4/processed_frames/res_st_td_frame_1.jpg,-13564148.37,4825825.66,130,W 3RD ST,Normal,8.0,15.6
data/2025spring/2025-3-9ChicoGroup1/GX011307.MP4/processed_frames/res_st_td_frame_30.jpg,-13564165.63,4825823.49,140,W 3RD ST,Normal,16.4,28.3
data/2025spring/2025-3-9ChicoGroup1/GX011307.MP4/processed_frames/res_st_td_frame_31.jpg,-13564162.85,4825820.31,140,W 3RD ST,Normal,5.8,23.7
data/2025spring/2025-3-9ChicoGroup1/GX011307.MP4/processed_frames/res_st_td_frame_32.jpg,-13564160.06,4825816.98,140,W 3RD ST,Normal,5.1,23.6
data/2025spring/2025-3-9ChicoGroup1/GX011307.MP4/processed_frames/res_st_td_frame_33.jpg,-13564157.06,4825813.51,140,W 3RD ST,Normal,16.7,28.4
data/2025spring/2025-3-9ChicoGroup1/GX011307.MP4/processed_frames/res_st_td_frame_34.jpg,-13564154.16,4825810.18,140,W 3RD ST,Normal,27.8,36.0
data/2025spring/2025-3-9ChicoGroup1/GX011307.MP4/processed_frames/res_st_td_frame_35.jpg,-13564151.16,4825806.7,140,W 3RD ST,Normal,39.4,45.5
data/2025spring/2025-3-9ChicoGroup1/GX011307.MP4/processed_frames/res_st_td_frame_36.jpg,-13564148.15,4825803.23,140,W 3RD ST,Normal,51.0,55.8
data/2025spring/2025-3-9ChicoGroup1/GX011307.MP4/processed_frames/res_st_td_frame_37.jpg,-13564145.48,4825800.05,,UNMATCHED,Not found,61.5,65.5
data/2025spring/2025-3-9ChicoGroup1/GX011307.MP4/processed_frames/res_st_td_frame_38.jpg,-13564142.7,4825796.86,,UNMATCHED,Not found,72.1,75.6
data/2025spring/2025-3-9ChicoGroup1/GX011307.MP4/processed_frames/res_st_td_frame_39.jpg,-13564139.91,4825793.68,,UNMATCHED,Not found,82.8,85.8
data/2025spring/2025-3-9ChicoGroup1/GX011307.MP4/processed_frames/res_st_td_frame_40.jpg,-13564136.91,4825790.2,,UNMATCHED,Not found,94.4,97.0
data/2025spring/2025-3-9ChicoGroup1/GX011307.MP4/processed_frames/res_st_td_frame_41.jpg,-13564134.24,4825787.02,,UNMATCHED,Not found,104.8,107.2
data/2025spring/2025-3-9ChicoGroup1/GX011307.MP4/processed_frames/res_st_td_frame_42.jpg,-13564131.34,4825783.69,,UNMATCHED,Not found,116.0,118.1
data/2025spring/2025-3-9ChicoGroup1/GX011307.MP4/processed_frames/res_st_td_frame_43.jpg,-13564128.45,4825780.36,,UNMATCHED,Not found,127.1,129.0
data/2025spring/2025-3-9ChicoGroup1/GX011307.MP4/processed_frames/res_st_td_frame_44.jpg,-13564125.78,4825777.32,,UNMATCHED,Not found,137.3,139.0
data/2025spring/2025-3-9ChicoGroup1/GX011307.MP4/processed_frames/res_st_td_frame_45.jpg,-13564122.99,4825773.99,,UNMATCHED,Not found,148.2,149.9
data/2025spring/2025-3-9ChicoGroup1/GX011307.MP4/processed_frames/res_st_td_frame_46.jpg,-13564120.21,4825770.66,,UNMATCHED,Not found,159.1,160.7
data/2025spring/2025-3-9ChicoGroup1/GX011307.MP4/processed_frames/res_st_td_frame_47.jpg,-13564117.43,4825767.63,,UNMATCHED,Not found,151.5,154.8
data/2025spring/2025-3-9ChicoGroup1/GX011307.MP4/processed_frames/res_st_td_frame_48.jpg,-13564114.87,4825764.59,,UNMATCHED,Not found,141.5,145.1
data/2025spring/2025-3-9ChicoGroup1/GX011307.MP4/processed_frames/res_st_td_frame_49.jpg,-13564112.08,4825761.4,,UNMATCHED,Not found,130.8,134.7
data/2025spring/2025-3-9ChicoGroup1/GX011307.MP4/processed_frames/res_st_td_frame_50.jpg,-13564109.19,4825758.07,,UNMATCHED,Not found,119.7,124.0
data/2025spring/2025-3-9ChicoGroup1/GX011307.MP4/processed_frames/res_st_td_frame_51.jpg,-13564106.52,4825754.89,,UNMATCHED,Not found,109.2,113.9
data/2025spring/2025-3-9ChicoGroup1/GX011307.MP4/processed_frames/res_st_td_frame_52.jpg,-13564103.51,4825751.56,,UNMATCHED,Not found,97.9,103.1
data/2025spring/2025-3-9ChicoGroup1/GX011307.MP4/processed_frames/res_st_td_frame_53.jpg,-13564100.73,4825748.38,,UNMATCHED,Not found,87.3,93.0
data/2025spring/2025-3-9ChicoGroup1/GX011307.MP4/processed_frames/res_st_td_frame_54.jpg,-13564098.06,4825745.19,,UNMATCHED,Not found,76.8,83.4
data/2025spring/2025-3-9ChicoGroup1/GX011307.MP4/processed_frames/res_st_td_frame_55.jpg,-13564095.5,4825742.3,,UNMATCHED,Not found,67.0,74.5
data/2025spring/2025-3-9ChicoGroup1/GX011307.MP4/processed_frames/res_st_td_frame_56.jpg,-13564092.71,4825739.11,150,W 4TH ST,Normal,56.4,65.0
data/2025spring/2025-3-9ChicoGroup1/GX011307.MP4/processed_frames/res_st_td_frame_57.jpg,-13564089.82,4825735.78,150,W 4TH ST,Normal,45.3,55.7
data/2025spring/2025-3-9ChicoGroup1/GX011307.MP4/processed_frames/res_st_td_frame_58.jpg,-13564087.15,4825732.75,150,W 4TH ST,Normal,35.1,47.7
data/2025spring/2025-3-9ChicoGroup1/GX011307.MP4/processed_frames/res_st_td_frame_59.jpg,-13564084.36,4825729.56,150,W 4TH ST,Normal,24.4,40.6
data/2025spring/2025-3-9ChicoGroup1/GX011307.MP4/processed_frames/res_st_td_frame_60.jpg,-13564081.69,4825726.38,150,W 4TH ST,Normal,13.9,35.5
data/2025spring/2025-3-9ChicoGroup1/GX011307.MP4/processed_frames/res_st_td_frame_61.jpg,-13564079.24,4825723.48,150,W 4TH ST,Normal,4.4,33.0
data/2025spring/2025-3-9ChicoGroup1/GX011307.MP4/processed_frames/res_st_td_frame_62.jpg,-13564076.35,4825720.15,150,W 4TH ST,Normal,6.7,33.5
data/2025spring/2025-3-9ChicoGroup1/GX011307.MP4/processed_frames/res_st_td_frame_63.jpg,-13564073.79,4825717.11,150,W 4TH ST,Normal,16.8,37.0
data/2025spring/2025-3-9ChicoGroup1/GX011307.MP4/processed_frames/res_st_td_frame_64.jpg,-13564070.78,4825713.64,150,W 4TH ST,Normal,28.3,43.5
data/2025spring/2025-3-9ChicoGroup1/GX011307.MP4/processed_frames/res_st_td_frame_65.jpg,-13564068.0,4825710.31,150,W 4TH ST,Normal,39.3,51.4
data/2025spring/2025-3-9ChicoGroup1/GX011307.MP4/processed_frames/res_st_td_frame_66.jpg,-13564065.11,4825707.13,150,W 4TH ST,Normal,50.1,60.0
data/2025spring/2025-3-9ChicoGroup1/GX011308.MP4/processed_frames/res_st_td_frame_152.jpg,-13564051.3,4825718.71,140,W 4TH ST,Normal,50.7,52.7
data/2025spring/2025-3-9ChicoGroup1/GX011308.MP4/processed_frames/res_st_td_frame_153.jpg,-13564053.97,4825721.6,140,W 4TH ST,Normal,40.8,43.0
data/2025spring/2025-3-9ChicoGroup1/GX011308.MP4/processed_frames/res_st_td_frame_154.jpg,-13564056.87,4825724.93,140,W 4TH ST,Normal,29.7,32.5
data/2025spring/2025-3-9ChicoGroup1/GX011308.MP4/processed_frames/res_st_td_frame_155.jpg,-13564059.43,4825727.97,140,W 4TH ST,Normal,19.6,23.6
data/2025spring/2025-3-9ChicoGroup1/GX011308.MP4/processed_frames/res_st_td_frame_156.jpg,-13564062.32,4825731.3,140,W 4TH ST,Normal,8.5,15.3
data/2025spring/2025-3-9ChicoGroup1/GX011308.MP4/processed_frames/res_st_td_frame_157.jpg,-13564065.22,4825734.63,140,W 4TH ST,Normal,2.6,12.6
data/2025spring/2025-3-9ChicoGroup1/GX011308.MP4/processed_frames/res_st_td_frame_158.jpg,-13564068.11,4825737.96,140,W 4TH ST,Normal,13.7,18.1
data/2025spring/2025-3-9ChicoGroup1/GX011308.MP4/processed_frames/res_st_td_frame_159.jpg,-13564070.78,4825740.99,140,W 4TH ST,Normal,23.9,26.5
data/2025spring/2025-3-9ChicoGroup1/GX011308.MP4/processed_frames/res_st_td_frame_160.jpg,-13564073.34,4825743.89,140,W 4TH ST,Normal,33.6,35.4
data/2025spring/2025-3-9ChicoGroup1/GX011308.MP4/processed_frames/res_st_td_frame_161.jpg,-13564076.24,4825747.36,140,W 4TH ST,Normal,45.0,46.3
data/2025spring/2025-3-9ChicoGroup1/GX011308.MP4/processed_frames/res_st_td_frame_162.jpg,-13564079.47,4825750.98,140,W 4TH ST,Normal,57.2,58.1
data/2025spring/2025-3-9ChicoGroup1/GX011308.MP4/processed_frames/res_st_td_frame_163.jpg,-13564082.25,4825754.17,,UNMATCHED,Not found,67.9,68.6
data/2025spring/2025-3-9ChicoGroup1/GX011308.MP4/processed_frames/res_st_td_frame_164.jpg,-13564085.48,4825757.78,,UNMATCHED,Not found,80.1,80.6
data/2025spring/2025-3-9ChicoGroup1/GX011308.MP4/processed_frames/res_st_td_frame_165.jpg,-13564088.26,4825761.11,,UNMATCHED,Not found,91.0,91.4
data/2025spring/2025-3-9ChicoGroup1/GX011308.MP4/processed_frames/res_st_td_frame_166.jpg,-13564090.93,4825764.15,,UNMATCHED,Not found,101.2,101.6
data/2025spring/2025-3-9ChicoGroup1/GX011308.MP4/processed_frames/res_st_td_frame_167.jpg,-13564093.27,4825766.76,,UNMATCHED,Not found,110.0,110.3
data/2025spring/2025-3-9ChicoGroup1/GX011308.MP4/processed_frames/res_st_td_frame_168.jpg,-13564095.83,4825769.8,,UNMATCHED,Not found,120.0,120.3
data/2025spring/2025-3-9ChicoGroup1/GX011308.MP4/processed_frames/res_st_td_frame_169.jpg,-13564098.5,4825772.69,,UNMATCHED,Not found,129.9,130.1
data/2025spring/2025-3-9ChicoGroup1/GX011308.MP4/processed_frames/res_st_td_frame_170.jpg,-13564100.73,4825775.44,,UNMATCHED,Not found,138.8,139.0
data/2025spring/2025-3-9ChicoGroup1/GX011308.MP4/processed_frames/res_st_td_frame_171.jpg,-13564103.85,4825778.91,,UNMATCHED,Not found,150.6,150.7
data/2025spring/2025-3-9ChicoGroup1/GX011308.MP4/processed_frames/res_st_td_frame_172.jpg,-13564106.63,4825782.24,,UNMATCHED,Not found,159.7,160.9
data/2025spring/2025-3-9ChicoGroup1/GX011308.MP4/processed_frames/res_st_td_frame_173.jpg,-13564109.86,4825785.86,,UNMATCHED,Not found,147.5,148.8
data/2025spring/2025-3-9ChicoGroup1/GX011308.MP4/processed_frames/res_st_td_frame_174.jpg,-13564112.75,4825789.19,,UNMATCHED,Not found,136.4,137.8
data/2025spring/2025-3-9ChicoGroup1/GX011308.MP4/processed_frames/res_st_td_frame_175.jpg,-13564115.98,4825792.95,,UNMATCHED,Not found,123.9,125.5
data/2025spring/2025-3-9ChicoGroup1/GX011308.MP4/processed_frames/res_st_td_frame_176.jpg,-13564118.43,4825795.85,,UNMATCHED,Not found,114.4,116.1
data/2025spring/2025-3-9ChicoGroup1/GX011308.MP4/processed_frames/res_st_td_frame_177.jpg,-13564120.99,4825798.6,,UNMATCHED,Not found,104.9,106.7
data/2025spring/2025-3-9ChicoGroup1/GX011308.MP4/processed_frames/res_st_td_frame_178.jpg,-13564123.44,4825801.49,,UNMATCHED,Not found,95.3,97.4
data/2025spring/2025-3-9ChicoGroup1/GX011308.MP4/processed_frames/res_st_td_frame_179.jpg,-13564125.66,4825804.1,,UNMATCHED,Not found,86.7,89.0
data/2025spring/2025-3-9ChicoGroup1/GX011308.MP4/processed_frames/res_st_td_frame_180.jpg,-13564128.11,4825806.99,,UNMATCHED,Not found,77.1,79.8
data/2025spring/2025-3-9ChicoGroup1/GX011308.MP4/processed_frames/res_st_td_frame_181.jpg,-13564130.56,4825809.89,,UNMATCHED,Not found,67.6,70.6
data/2025spring/2025-3-9ChicoGroup1/GX011308.MP4/processed_frames/res_st_td_frame_182.jpg,-13564133.12,4825812.78,130,W 3RD ST,Normal,57.8,61.4
data/2025spring/2025-3-9ChicoGroup1/GX011308.MP4/processed_frames/res_st_td_frame_183.jpg,-13564135.68,4825815.68,130,W 3RD ST,Normal,48.1,52.3
data/2025spring/2025-3-9ChicoGroup1/GX011308.MP4/processed_frames/res_st_td_frame_184.jpg,-13564138.24,4825818.72,130,W 3RD ST,Normal,38.1,43.4
data/2025spring/2025-3-9ChicoGroup1/GX011308.MP4/processed_frames/res_st_td_frame_185.jpg,-13564140.8,4825821.61,130,W 3RD ST,Normal,28.4,35.2
data/2025spring/2025-3-9ChicoGroup1/GX011308.MP4/processed_frames/res_st_td_frame_186.jpg,-13564143.7,4825824.94,130,W 3RD ST,Normal,17.2,27.2
data/2025spring/2025-3-9ChicoGroup1/GX011308.MP4/processed_frames/res_st_td_frame_187.jpg,-13564146.26,4825827.83,130,W 3RD ST,Normal,7.5,22.4
data/2025spring/2025-3-9ChicoGroup1/GX011308.MP4/processed_frames/res_st_td_frame_188.jpg,-13564149.15,4825831.16,130,W 3RD ST,Normal,3.6,21.5
data/2025spring/2025-3-9ChicoGroup1/GX011308.MP4/processed_frames/res_st_td_frame_189.jpg,-13564152.05,4825834.49,130,W 3RD ST,Normal,14.7,25.9
data/2025spring/2025-3-9ChicoGroup1/GX011282.MP4/processed_frames/res_st_td_frame_0.jpg,-13563991.19,4825613.63,130,W 5TH ST,Normal,9.9,56.8
data/2025spring/2025-3-9ChicoGroup1/GX011282.MP4/processed_frames/res_st_td_frame_1.jpg,-13563988.63,4825615.8,130,W 5TH ST,Normal,10.2,48.5
data/2025spring/2025-3-9ChicoGroup1/GX011282.MP4/processed_frames/res_st_td_frame_2.jpg,-13563985.4,4825618.7,130,W 5TH ST,Normal,10.3,37.9
data/2025spring/2025-3-9ChicoGroup1/GX011282.MP4/processed_frames/res_st_td_frame_3.jpg,-13563981.73,4825622.03,130,W 5TH ST,Normal,10.3,26.1
data/2025spring/2025-3-9ChicoGroup1/GX011282.MP4/processed_frames/res_st_td_frame_4.jpg,-13563977.72,4825625.64,130,W 5TH ST,Normal,10.3,14.7
data/2025spring/2025-3-9ChicoGroup1/GX011282.MP4/processed_frames/res_st_td_frame_5.jpg,-13563973.82,4825628.97,120,W 5TH ST,Normal,10.7,11.0
data/2025spring/2025-3-9ChicoGroup1/GX011307.MP4/processed_frames/res_st_td_frame_88.jpg,-13564004.33,4825636.35,130,W 5TH ST,Normal,54.7,69.1
data/2025spring/2025-3-9ChicoGroup1/GX011307.MP4/processed_frames/res_st_td_frame_89.jpg,-13564001.1,4825632.88,130,W 5TH ST,Normal,42.8,60.0
data/2025spring/2025-3-9ChicoGroup1/GX011307.MP4/processed_frames/res_st_td_frame_90.jpg,-13563998.31,4825629.7,130,W 5TH ST,Normal,32.1,53.0
data/2025spring/2025-3-9ChicoGroup1/GX011307.MP4/processed_frames/res_st_td_frame_91.jpg,-13563995.87,4825626.8,130,W 5TH ST,Normal,22.6,48.1
data/2025spring/2025-3-9ChicoGroup1/GX011307.MP4/processed_frames/res_st_td_frame_92.jpg,-13563993.31,4825623.76,130,W 5TH ST,Normal,12.6,44.6
data/2025spring/2025-3-9ChicoGroup1/GX011307.MP4/processed_frames/res_st_td_frame_93.jpg,-13563990.19,4825620.0,130,W 5TH ST,Normal,0.3,43.3
data/2025spring/2025-3-9ChicoGroup1/GX011307.MP4/processed_frames/res_st_td_frame_94.jpg,-13563987.29,4825616.53,130,W 5TH ST,Normal,11.1,45.1
data/2025spring/2025-3-9ChicoGroup1/GX011307.MP4/processed_frames/res_st_td_frame_95.jpg,-13563984.85,4825613.63,130,W 5TH ST,Normal,20.7,48.6
data/2025spring/2025-3-9ChicoGroup1/GX011307.MP4/processed_frames/res_st_td_frame_96.jpg,-13563982.17,4825610.45,130,W 5TH ST,Normal,31.1,54.2
data/2025spring/2025-3-9ChicoGroup1/GX011307.MP4/processed_frames/res_st_td_frame_97.jpg,-13563978.95,4825606.83,130,W 5TH ST,Normal,43.4,62.1
data/2025spring/2025-3-9ChicoGroup1/GX011307.MP4/processed_frames/res_st_td_frame_98.jpg,-13563976.05,4825603.65,130,W 5TH ST,Normal,54.2,70.1
data/2025spring/2025-3-9ChicoGroup1/GX011308.MP4/processed_frames/res_st_td_frame_120.jpg,-13563961.69,4825614.36,120,W 5TH ST,Normal,58.6,58.6
data/2025spring/2025-3-9ChicoGroup1/GX011308.MP4/processed_frames/res_st_td_frame_121.jpg,-13563964.36,4825617.54,120,W 5TH ST,Normal,48.1,48.1
data/2025spring/2025-3-9ChicoGroup1/GX011308.MP4/processed_frames/res_st_td_frame_122.jpg,-13563966.81,4825620.29,120,W 5TH ST,Normal,38.8,38.8
data/2025spring/2025-3-9ChicoGroup1/GX011308.MP4/processed_frames/res_st_td_frame_123.jpg,-13563969.48,4825623.62,120,W 5TH ST,Normal,28.1,28.1
data/2025spring/2025-3-9ChicoGroup1/GX011308.MP4/processed_frames/res_st_td_frame_124.jpg,-13563972.27,4825626.8,120,W 5TH ST,Normal,17.4,17.5
data/2025spring/2025-3-9ChicoGroup1/GX011308.MP4/processed_frames/res_st_td_frame_125.jpg,-13563975.27,4825630.28,120,W 5TH ST,Normal,5.8,6.2
data/2025spring/2025-3-9ChicoGroup1/GX011308.MP4/processed_frames/res_st_td_frame_126.jpg,-13563977.72,4825633.17,120,W 5TH ST,Normal,3.7,4.4
data/2025spring/2025-3-9ChicoGroup1/GX011308.MP4/processed_frames/res_st_td_frame_127.jpg,-13563980.73,4825636.79,120,W 5TH ST,Normal,15.5,15.8
data/2025spring/2025-3-9ChicoGroup1/GX011308.MP4/processed_frames/res_st_td_frame_128.jpg,-13563983.51,4825639.97,120,W 5TH ST,Normal,26.2,26.4
data/2025spring/2025-3-9ChicoGroup1/GX011308.MP4/processed_frames/res_st_td_frame_129.jpg,-13563986.85,4825643.88,120,W 5TH ST,Normal,39.2,39.3
data/2025spring/2025-3-9ChicoGroup1/GX011308.MP4/processed_frames/res_st_td_frame_130.jpg,-13563989.63,4825647.06,120,W 5TH ST,Normal,49.8,50.0
data/2025spring/2025-3-9ChicoGroup1/GX011308.MP4/processed_frames/res_st_td_frame_131.jpg,-13563992.08,4825649.96,120,W 5TH ST,Normal,59.4,59.5
data/2025spring/2025-3-9ChicoGroup1/GX011278.MP4/processed_frames/res_st_td_frame_0.jpg,-13564152.71,4825821.03,140,W 3RD ST,Normal,9.5,9.7
data/2025spring/2025-3-9ChicoGroup1/GX011278.MP4/processed_frames/res_st_td_frame_1.jpg,-13564148.37,4825825.66,130,W 3RD ST,Normal,8.0,15.6
data/2025spring/2025-3-9ChicoGroup1/GX011278.MP4/processed_frames/res_st_td_frame_2.jpg,-13564144.59,4825829.14,130,W 3RD ST,Normal,7.9,27.5
data/2025spring/2025-3-9ChicoGroup1/GX011278.MP4/processed_frames/res_st_td_frame_3.jpg,-13564140.92,4825832.47,130,W 3RD ST,Normal,7.8,39.7
data/2025spring/2025-3-9ChicoGroup1/GX011277.MP4/processed_frames/res_st_td_frame_238.jpg,-13564146.26,4825838.54,130,W 3RD ST,Normal,12.6,41.0
data/2025spring/2025-3-9ChicoGroup1/GX011277.MP4/processed_frames/res_st_td_frame_239.jpg,-13564146.7,4825838.25,130,W 3RD ST,Normal,12.8,39.8
data/2025spring/2025-3-9ChicoGroup1/GX011282.MP4/processed_frames/res_st_td_frame_0.jpg,-13563991.19,4825613.63,130,W 5TH ST,Normal,9.9,56.8
data/2025spring/2025-3-9ChicoGroup1/GX011282.MP4/processed_frames/res_st_td_frame_1.jpg,-13563988.63,4825615.8,130,W 5TH ST,Normal,10.2,48.5
data/2025spring/2025-3-9ChicoGroup1/GX011282.MP4/processed_frames/res_st_td_frame_2.jpg,-13563985.4,4825618.7,130,W 5TH ST,Normal,10.3,37.9
data/2025spring/2025-3-9ChicoGroup1/GX011282.MP4/processed_frames/res_st_td_frame_3.jpg,-13563981.73,4825622.03,130,W 5TH ST,Normal,10.3,26.1
data/2025spring/2025-3-9ChicoGroup1/GX011282.MP4/processed_frames/res_st_td_frame_4.jpg,-13563977.72,4825625.64,130,W 5TH ST,Normal,10.3,14.7
data/2025spring/2025-3-9ChicoGroup1/GX011282.MP4/processed_frames/res_st_td_frame_5.jpg,-13563973.82,4825628.97,120,W 5TH ST,Normal,10.7,11.0
data/2025spring/2025-3-9ChicoGroup1/GX011282.MP4/processed_frames/res_st_td_frame_6.jpg,-13563970.6,4825631.87,120,W 5TH ST,Normal,10.9,17.2
data/2025spring/2025-3-9ChicoGroup1/GX011307.MP4/processed_frames/res_st_td_frame_0.jpg,-13564236.54,4825939.28,120,W 2ND ST,Normal,8.8,28.9
data/2025spring/2025-3-9ChicoGroup1/GX011307.MP4/processed_frames/res_st_td_frame_1.jpg,-13564238.32,4825935.08,120,W 2ND ST,Normal,3.7,17.6
data/2025spring/2025-3-9ChicoGroup1/GX011307.MP4/processed_frames/res_st_td_frame_2.jpg,-13564240.66,4825931.32,120,W 2ND ST,Normal,0.3,6.6
data/2025spring/2025-3-9ChicoGroup1/GX011307.MP4/processed_frames/res_st_td_frame_3.jpg,-13564241.88,4825926.4,130,W 2ND ST,Normal,7.1,8.1
data/2025spring/2025-3-9ChicoGroup1/GX011307.MP4/processed_frames/res_st_td_frame_4.jpg,-13564242.55,4825920.61,130,W 2ND ST,Normal,16.9,22.4
data/2025spring/2025-3-9ChicoGroup1/GX011307.MP4/processed_frames/res_st_td_frame_5.jpg,-13564242.22,4825914.96,130,W 2ND ST,Normal,28.2,36.7
data/2025spring/2025-3-9ChicoGroup1/GX011307.MP4/processed_frames/res_st_td_frame_6.jpg,-13564240.1,4825909.03,130,W 2ND ST,Normal,42.9,52.0
data/2025spring/2025-3-9ChicoGroup1/GX011307.MP4/processed_frames/res_st_td_frame_7.jpg,-13564236.98,4825903.67,130,W 2ND ST,Normal,58.3,66.6
data/2025spring/2025-3-9ChicoGroup1/GX011307.MP4/processed_frames/res_st_td_frame_8.jpg,-13564233.98,4825899.48,,UNMATCHED,Not found,71.2,78.7
data/2025spring/2025-3-9ChicoGroup1/GX011307.MP4/processed_frames/res_st_td_frame_9.jpg,-13564230.75,4825895.71,,UNMATCHED,Not found,83.7,90.2
data/2025spring/2025-3-9ChicoGroup1/GX011307.MP4/processed_frames/res_st_td_frame_10.jpg,-13564227.41,4825891.66,,UNMATCHED,Not found,96.9,102.7
data/2025spring/2025-3-9ChicoGroup1/GX011307.MP4/processed_frames/res_st_td_frame_11.jpg,-13564224.4,4825888.33,,UNMATCHED,Not found,108.2,113.4
data/2025spring/2025-3-9ChicoGroup1/GX011307.MP4/processed_frames/res_st_td_frame_12.jpg,-13564221.18,4825884.57,,UNMATCHED,Not found,120.7,125.4
data/2025spring/2025-3-9ChicoGroup1/GX011307.MP4/processed_frames/res_st_td_frame_13.jpg,-13564217.95,4825880.95,,UNMATCHED,Not found,132.9,137.1
data/2025spring/2025-3-9ChicoGroup1/GX011307.MP4/processed_frames/res_st_td_frame_14.jpg,-13564214.72,4825877.19,,UNMATCHED,Not found,145.4,149.3
data/2025spring/2025-3-9ChicoGroup1/GX011307.MP4/processed_frames/res_st_td_frame_15.jpg,-13564211.6,4825873.71,,UNMATCHED,Not found,157.2,160.8
data/2025spring/2025-3-9ChicoGroup1/GX011307.MP4/processed_frames/res_st_td_frame_16.jpg,-13564208.49,4825870.1,,UNMATCHED,Not found,169.2,172.6
data/2025spring/2025-3-9ChicoGroup1/GX011307.MP4/processed_frames/res_st_td_frame_17.jpg,-13564205.37,4825866.62,,UNMATCHED,Not found,164.2,166.7
data/2025spring/2025-3-9ChicoGroup1/GX011307.MP4/processed_frames/res_st_td_frame_18.jpg,-13564202.36,4825863.0,,UNMATCHED,Not found,152.3,155.1
data/2025spring/2025-3-9ChicoGroup1/GX011307.MP4/processed_frames/res_st_td_frame_19.jpg,-13564199.25,4825859.53,,UNMATCHED,Not found,140.6,143.5
data/2025spring/2025-3-9ChicoGroup1/GX011307.MP4/processed_frames/res_st_td_frame_20.jpg,-13564196.35,4825856.06,,UNMATCHED,Not found,129.2,132.3
data/2025spring/2025-3-9ChicoGroup1/GX011307.MP4/processed_frames/res_st_td_frame_21.jpg,-13564193.12,4825852.29,,UNMATCHED,Not found,116.7,120.2
data/2025spring/2025-3-9ChicoGroup1/GX011307.MP4/processed_frames/res_st_td_frame_22.jpg,-13564189.67,4825848.24,,UNMATCHED,Not found,103.3,107.2
data/2025spring/2025-3-9ChicoGroup1/GX011307.MP4/processed_frames/res_st_td_frame_23.jpg,-13564186.56,4825844.62,,UNMATCHED,Not found,91.2,95.6
data/2025spring/2025-3-9ChicoGroup1/GX011307.MP4/processed_frames/res_st_td_frame_24.jpg,-13564181.55,4825842.31,,UNMATCHED,Not found,78.6,81.8
data/2025spring/2025-3-9ChicoGroup1/GX011307.MP4/processed_frames/res_st_td_frame_25.jpg,-13564178.99,4825839.12,,UNMATCHED,Not found,68.3,72.1
data/2025spring/2025-3-9ChicoGroup1/GX011307.MP4/processed_frames/res_st_td_frame_26.jpg,-13564176.43,4825836.08,140,W 3RD ST,Normal,58.3,62.7
data/2025spring/2025-3-9ChicoGroup1/GX011307.MP4/processed_frames/res_st_td_frame_27.jpg,-13564173.64,4825832.9,140,W 3RD ST,Normal,47.6,52.9
data/2025spring/2025-3-9ChicoGroup1/GX011307.MP4/processed_frames/res_st_td_frame_28.jpg,-13564171.08,4825829.86,140,W 3RD ST,Normal,37.6,44.1
data/2025spring/2025-3-9ChicoGroup1/GX011307.MP4/processed_frames/res_st_td_frame_29.jpg,-13564168.41,4825826.68,140,W 3RD ST,Normal,27.1,35.7
data/2025spring/2025-3-9ChicoGroup1/GX011307.MP4/processed_frames/res_st_td_frame_30.jpg,-13564165.63,4825823.49,140,W 3RD ST,Normal,16.4,28.3
data/2025spring/2025-3-9ChicoGroup1/GX011307.MP4/processed_frames/res_st_td_frame_31.jpg,-13564162.85,4825820.31,140,W 3RD ST,Normal,5.8,23.7
data/2025spring/2025-3-9ChicoGroup1/GX011307.MP4/processed_frames/res_st_td_frame_32.jpg,-13564160.06,4825816.98,140,W 3RD ST,Normal,5.1,23.6
data/2025spring/2025-3-9ChicoGroup1/GX011307.MP4/processed_frames/res_st_td_frame_33.jpg,-13564157.06,4825813.51,140,W 3RD ST,Normal,16.7,28.4
data/2025spring/2025-3-9ChicoGroup1/GX011307.MP4/processed_frames/res_st_td_frame_34.jpg,-13564154.16,4825810.18,140,W 3RD ST,Normal,27.8,36.0
data/2025spring/2025-3-9ChicoGroup1/GX011307.MP4/processed_frames/res_st_td_frame_35.jpg,-13564151.16,4825806.7,140,W 3RD ST,Normal,39.4,45.5
data/2025spring/2025-3-9ChicoGroup1/GX011307.MP4/processed_frames/res_st_td_frame_36.jpg,-13564148.15,4825803.23,140,W 3RD ST,Normal,51.0,55.8
data/2025spring/2025-3-9ChicoGroup1/GX011307.MP4/processed_frames/res_st_td_frame_37.jpg,-13564145.48,4825800.05,,UNMATCHED,Not found,61.5,65.5
data/2025spring/2025-3-9ChicoGroup1/GX011307.MP4/processed_frames/res_st_td_frame_38.jpg,-13564142.7,4825796.86,,UNMATCHED,Not found,72.1,75.6
data/2025spring/2025-3-9ChicoGroup1/GX011307.MP4/processed_frames/res_st_td_frame_39.jpg,-13564139.91,4825793.68,,UNMATCHED,Not found,82.8,85.8
data/2025spring/2025-3-9ChicoGroup1/GX011307.MP4/processed_frames/res_st_td_frame_40.jpg,-13564136.91,4825790.2,,UNMATCHED,Not found,94.4,97.0
data/2025spring/2025-3-9ChicoGroup1/GX011307.MP4/processed_frames/res_st_td_frame_41.jpg,-13564134.24,4825787.02,,UNMATCHED,Not found,104.8,107.2
data/2025spring/2025-3-9ChicoGroup1/GX011307.MP4/processed_frames/res_st_td_frame_42.jpg,-13564131.34,4825783.69,,UNMATCHED,Not found,116.0,118.1
data/2025spring/2025-3-9ChicoGroup1/GX011307.MP4/processed_frames/res_st_td_frame_43.jpg,-13564128.45,4825780.36,,UNMATCHED,Not found,127.1,129.0
data/2025spring/2025-3-9ChicoGroup1/GX011307.MP4/processed_frames/res_st_td_frame_44.jpg,-13564125.78,4825777.32,,UNMATCHED,Not found,137.3,139.0
data/2025spring/2025-3-9ChicoGroup1/GX011307.MP4/processed_frames/res_st_td_frame_45.jpg,-13564122.99,4825773.99,,UNMATCHED,Not found,148.2,149.9
data/2025spring/2025-3-9ChicoGroup1/GX011307.MP4/processed_frames/res_st_td_frame_46.jpg,-13564120.21,4825770.66,,UNMATCHED,Not found,159.1,160.7
data/2025spring/2025-3-9ChicoGroup1/GX011307.MP4/processed_frames/res_st_td_frame_47.jpg,-13564117.43,4825767.63,,UNMATCHED,Not found,151.5,154.8
data/2025spring/2025-3-9ChicoGroup1/GX011307.MP4/processed_frames/res_st_td_frame_48.jpg,-13564114.87,4825764.59,,UNMATCHED,Not found,141.5,145.1
data/2025spring/2025-3-9ChicoGroup1/GX011307.MP4/processed_frames/res_st_td_frame_49.jpg,-13564112.08,4825761.4,,UNMATCHED,Not found,130.8,134.7
data/2025spring/2025-3-9ChicoGroup1/GX011307.MP4/processed_frames/res_st_td_frame_50.jpg,-13564109.19,4825758.07,,UNMATCHED,Not found,119.7,124.0
data/2025spring/2025-3-9ChicoGroup1/GX011307.MP4/processed_frames/res_st_td_frame_51.jpg,-13564106.52,4825754.89,,UNMATCHED,Not found,109.2,113.9
data/2025spring/2025-3-9ChicoGroup1/GX011307.MP4/processed_frames/res_st_td_frame_52.jpg,-13564103.51,4825751.56,,UNMATCHED,Not found,97.9,103.1
data/2025spring/2025-3-9ChicoGroup1/GX011307.MP4/processed_frames/res_st_td_frame_53.jpg,-13564100.73,4825748.38,,UNMATCHED,Not found,87.3,93.0
data/2025spring/2025-3-9ChicoGroup1/GX011307.MP4/processed_frames/res_st_td_frame_54.jpg,-13564098.06,4825745.19,,UNMATCHED,Not found,76.8,83.4
data/2025spring/2025-3-9ChicoGroup1/GX011307.MP4/processed_frames/res_st_td_frame_55.jpg,-13564095.5,4825742.3,,UNMATCHED,Not found,67.0,74.5
data/2025spring/2025-3-9ChicoGroup1/GX011307.MP4/processed_frames/res_st_td_frame_56.jpg,-13564092.71,4825739.11,150,W 4TH ST,Normal,56.4,65.0
data/2025spring/2025-3-9ChicoGroup1/GX011307.MP4/processed_frames/res_st_td_frame_57.jpg,-13564089.82,4825735.78,150,W 4TH ST,Normal,45.3,55.7
data/2025spring/2025-3-9ChicoGroup1/GX011307.MP4/processed_frames/res_st_td_frame_58.jpg,-13564087.15,4825732.75,150,W 4TH ST,Normal,35.1,47.7
data/2025spring/2025-3-9ChicoGroup1/GX011307.MP4/processed_frames/res_st_td_frame_59.jpg,-13564084.36,4825729.56,150,W 4TH ST,Normal,24.4,40.6
data/2025spring/2025-3-9ChicoGroup1/GX011307.MP4/processed_frames/res_st_td_frame_60.jpg,-13564081.69,4825726.38,150,W 4TH ST,Normal,13.9,35.5
data/2025spring/2025-3-9ChicoGroup1/GX011307.MP4/processed_frames/res_st_td_frame_61.jpg,-13564079.24,4825723.48,150,W 4TH ST,Normal,4.4,33.0
data/2025spring/2025-3-9ChicoGroup1/GX011307.MP4/processed_frames/res_st_td_frame_62.jpg,-13564076.35,4825720.15,150,W 4TH ST,Normal,6.7,33.5
data/2025spring/2025-3-9ChicoGroup1/GX011307.MP4/processed_frames/res_st_td_frame_63.jpg,-13564073.79,4825717.11,150,W 4TH ST,Normal,16.8,37.0
data/2025spring/2025-3-9ChicoGroup1/GX011307.MP4/processed_frames/res_st_td_frame_64.jpg,-13564070.78,4825713.64,150,W 4TH ST,Normal,28.3,43.5
data/2025spring/2025-3-9ChicoGroup1/GX011307.MP4/processed_frames/res_st_td_frame_65.jpg,-13564068.0,4825710.31,150,W 4TH ST,Normal,39.3,51.4
data/2025spring/2025-3-9ChicoGroup1/GX011307.MP4/processed_frames/res_st_td_frame_66.jpg,-13564065.11,4825707.13,150,W 4TH ST,Normal,50.1,60.0
data/2025spring/2025-3-9ChicoGroup1/GX011307.MP4/processed_frames/res_st_td_frame_67.jpg,-13564062.43,4825703.94,,UNMATCHED,Not found,60.6,69.1
data/2025spring/2025-3-9ChicoGroup1/GX011307.MP4/processed_frames/res_st_td_frame_68.jpg,-13564059.76,4825700.9,,UNMATCHED,Not found,70.8,78.2
data/2025spring/2025-3-9ChicoGroup1/GX011307.MP4/processed_frames/res_st_td_frame_69.jpg,-13564057.09,4825697.72,,UNMATCHED,Not found,81.3,87.9
data/2025spring/2025-3-9ChicoGroup1/GX011307.MP4/processed_frames/res_st_td_frame_70.jpg,-13564054.42,4825694.68,,UNMATCHED,Not found,91.5,97.4
data/2025spring/2025-3-9ChicoGroup1/GX011307.MP4/processed_frames/res_st_td_frame_71.jpg,-13564051.64,4825691.5,,UNMATCHED,Not found,102.1,107.4
data/2025spring/2025-3-9ChicoGroup1/GX011307.MP4/processed_frames/res_st_td_frame_72.jpg,-13564048.97,4825688.46,,UNMATCHED,Not found,112.3,117.2
data/2025spring/2025-3-9ChicoGroup1/GX011307.MP4/processed_frames/res_st_td_frame_73.jpg,-13564046.18,4825685.27,,UNMATCHED,Not found,123.0,127.4
data/2025spring/2025-3-9ChicoGroup1/GX011307.MP4/processed_frames/res_st_td_frame_74.jpg,-13564043.51,4825682.09,,UNMATCHED,Not found,133.4,137.6
data/2025spring/2025-3-9ChicoGroup1/GX011307.MP4/processed_frames/res_st_td_frame_75.jpg,-13564040.84,4825679.05,,UNMATCHED,Not found,143.6,147.5
data/2025spring/2025-3-9ChicoGroup1/GX011307.MP4/processed_frames/res_st_td_frame_76.jpg,-13564038.17,4825675.87,,UNMATCHED,Not found,154.1,157.8
data/2025spring/2025-3-9ChicoGroup1/GX011307.MP4/processed_frames/res_st_td_frame_77.jpg,-13564035.38,4825672.68,,UNMATCHED,Not found,164.8,168.2
data/2025spring/2025-3-9ChicoGroup1/GX011307.MP4/processed_frames/res_st_td_frame_78.jpg,-13564032.49,4825669.5,,UNMATCHED,Not found,164.3,168.9
data/2025spring/2025-3-9ChicoGroup1/GX011307.MP4/processed_frames/res_st_td_frame_79.jpg,-13564029.82,4825666.46,,UNMATCHED,Not found,154.1,159.0
data/2025spring/2025-3-9ChicoGroup1/GX011307.MP4/processed_frames/res_st_td_frame_80.jpg,-13564027.04,4825663.13,,UNMATCHED,Not found,143.2,148.6
data/2025spring/2025-3-9ChicoGroup1/GX011307.MP4/processed_frames/res_st_td_frame_81.jpg,-13564024.25,4825659.95,,UNMATCHED,Not found,132.5,138.4
data/2025spring/2025-3-9ChicoGroup1/GX011307.MP4/processed_frames/res_st_td_frame_82.jpg,-13564021.36,4825656.62,,UNMATCHED,Not found,121.4,127.8
data/2025spring/2025-3-9ChicoGroup1/GX011307.MP4/processed_frames/res_st_td_frame_83.jpg,-13564018.46,4825653.0,,UNMATCHED,Not found,109.8,117.0
data/2025spring/2025-3-9ChicoGroup1/GX011307.MP4/processed_frames/res_st_td_frame_84.jpg,-13564015.68,4825649.67,,UNMATCHED,Not found,98.8,107.0
data/2025spring/2025-3-9ChicoGroup1/GX011307.MP4/processed_frames/res_st_td_frame_85.jpg,-13564012.9,4825646.34,,UNMATCHED,Not found,87.9,97.2
data/2025spring/2025-3-9ChicoGroup1/GX011307.MP4/processed_frames/res_st_td_frame_86.jpg,-13564010.23,4825643.01,,UNMATCHED,Not found,77.2,87.9
data/2025spring/2025-3-9ChicoGroup1/GX011307.MP4/processed_frames/res_st_td_frame_87.jpg,-13564007.22,4825639.68,,UNMATCHED,Not found,65.9,78.1
data/2025spring/2025-3-9ChicoGroup1/GX011307.MP4/processed_frames/res_st_td_frame_88.jpg,-13564004.33,4825636.35,130,W 5TH ST,Normal,54.7,69.1
data/2025spring/2025-3-9ChicoGroup1/GX011307.MP4/processed_frames/res_st_td_frame_89.jpg,-13564001.1,4825632.88,130,W 5TH ST,Normal,42.8,60.0
data/2025spring/2025-3-9ChicoGroup1/GX011307.MP4/processed_frames/res_st_td_frame_90.jpg,-13563998.31,4825629.7,130,W 5TH ST,Normal,32.1,53.0
data/2025spring/2025-3-9ChicoGroup1/GX011307.MP4/processed_frames/res_st_td_frame_91.jpg,-13563995.87,4825626.8,130,W 5TH ST,Normal,22.6,48.1
data/2025spring/2025-3-9ChicoGroup1/GX011307.MP4/processed_frames/res_st_td_frame_92.jpg,-13563993.31,4825623.76,130,W 5TH ST,Normal,12.6,44.6
data/2025spring/2025-3-9ChicoGroup1/GX011307.MP4/processed_frames/res_st_td_frame_93.jpg,-13563990.19,4825620.0,130,W 5TH ST,Normal,0.3,43.3
data/2025spring/2025-3-9ChicoGroup1/GX011307.MP4/processed_frames/res_st_td_frame_94.jpg,-13563987.29,4825616.53,130,W 5TH ST,Normal,11.1,45.1
data/2025spring/2025-3-9ChicoGroup1/GX011307.MP4/processed_frames/res_st_td_frame_95.jpg,-13563984.85,4825613.63,130,W 5TH ST,Normal,20.7,48.6
data/2025spring/2025-3-9ChicoGroup1/GX011307.MP4/processed_frames/res_st_td_frame_96.jpg,-13563982.17,4825610.45,130,W 5TH ST,Normal,31.1,54.2
data/2025spring/2025-3-9ChicoGroup1/GX011307.MP4/processed_frames/res_st_td_frame_97.jpg,-13563978.95,4825606.83,130,W 5TH ST,Normal,43.4,62.1
data/2025spring/2025-3-9ChicoGroup1/GX011307.MP4/processed_frames/res_st_td_frame_98.jpg,-13563976.05,4825603.65,130,W 5TH ST,Normal,54.2,70.1
data/2025spring/2025-3-9ChicoGroup1/GX011307.MP4/processed_frames/res_st_td_frame_99.jpg,-13563972.93,4825600.03,,UNMATCHED,Not found,66.2,79.9
data/2025spring/2025-3-9ChicoGroup1/GX011307.MP4/processed_frames/res_st_td_frame_100.jpg,-13563969.82,4825596.55,,UNMATCHED,Not found,78.0,89.9
data/2025spring/2025-3-9ChicoGroup1/GX011307.MP4/processed_frames/res_st_td_frame_101.jpg,-13563966.7,4825592.94,,UNMATCHED,Not found,90.0,100.6
data/2025spring/2025-3-9ChicoGroup1/GX011307.MP4/processed_frames/res_st_td_frame_102.jpg,-13563963.92,4825589.9,,UNMATCHED,Not found,100.4,110.0
data/2025spring/2025-3-9ChicoGroup1/GX011307.MP4/processed_frames/res_st_td_frame_103.jpg,-13563961.36,4825586.86,,UNMATCHED,Not found,110.4,119.3
data/2025spring/2025-3-9ChicoGroup1/GX011307.MP4/processed_frames/res_st_td_frame_104.jpg,-13563958.69,4825583.82,,UNMATCHED,Not found,120.6,128.9
data/2025spring/2025-3-9ChicoGroup1/GX011307.MP4/processed_frames/res_st_td_frame_105.jpg,-13563956.12,4825581.07,,UNMATCHED,Not found,130.1,137.7
data/2025spring/2025-3-9ChicoGroup1/GX011307.MP4/processed_frames/res_st_td_frame_106.jpg,-13563953.01,4825577.45,,UNMATCHED,Not found,142.1,149.2
data/2025spring/2025-3-9ChicoGroup1/GX011307.MP4/processed_frames/res_st_td_frame_107.jpg,-13563949.89,4825573.98,,UNMATCHED,Not found,153.9,160.5
data/2025spring/2025-3-9ChicoGroup1/GX011307.MP4/processed_frames/res_st_td_frame_108.jpg,-13563946.77,4825570.36,,UNMATCHED,Not found,159.3,161.4
data/2025spring/2025-3-9ChicoGroup1/GX011307.MP4/processed_frames/res_st_td_frame_109.jpg,-13563943.77,4825566.88,,UNMATCHED,Not found,147.7,150.0
data/2025spring/2025-3-9ChicoGroup1/GX011307.MP4/processed_frames/res_st_td_frame_110.jpg,-13563940.76,4825563.56,,UNMATCHED,Not found,136.4,138.8
data/2025spring/2025-3-9ChicoGroup1/GX011307.MP4/processed_frames/res_st_td_frame_111.jpg,-13563937.98,4825560.52,,UNMATCHED,Not found,126.0,128.6
data/2025spring/2025-3-9ChicoGroup1/GX011307.MP4/processed_frames/res_st_td_frame_112.jpg,-13563935.31,4825557.48,,UNMATCHED,Not found,115.8,118.6
data/2025spring/2025-3-9ChicoGroup1/GX011307.MP4/processed_frames/res_st_td_frame_113.jpg,-13563932.19,4825554.0,,UNMATCHED,Not found,104.0,107.1
data/2025spring/2025-3-9ChicoGroup1/GX011307.MP4/processed_frames/res_st_td_frame_114.jpg,-13563929.41,4825550.82,,UNMATCHED,Not found,93.4,96.8
data/2025spring/2025-3-9ChicoGroup1/GX011307.MP4/processed_frames/res_st_td_frame_115.jpg,-13563926.96,4825547.92,,UNMATCHED,Not found,83.8,87.6
data/2025spring/2025-3-9ChicoGroup1/GX011307.MP4/processed_frames/res_st_td_frame_116.jpg,-13563924.18,4825544.74,,UNMATCHED,Not found,73.2,77.5
data/2025spring/2025-3-9ChicoGroup1/GX011307.MP4/processed_frames/res_st_td_frame_117.jpg,-13563921.28,4825541.56,,UNMATCHED,Not found,62.3,67.2
data/2025spring/2025-3-9ChicoGroup1/GX011307.MP4/processed_frames/res_st_td_frame_118.jpg,-13563918.39,4825538.37,140,W 6TH ST,Normal,51.5,57.2
data/2025spring/2025-3-9ChicoGroup1/GX011307.MP4/processed_frames/res_st_td_frame_119.jpg,-13563915.49,4825535.04,140,W 6TH ST,Normal,40.4,47.5
data/2025spring/2025-3-9ChicoGroup1/GX011307.MP4/processed_frames/res_st_td_frame_120.jpg,-13563912.6,4825531.86,140,W 6TH ST,Normal,29.5,38.6
data/2025spring/2025-3-9ChicoGroup1/GX011307.MP4/processed_frames/res_st_td_frame_121.jpg,-13563909.93,4825528.82,140,W 6TH ST,Normal,19.3,31.4
data/2025spring/2025-3-9ChicoGroup1/GX011307.MP4/processed_frames/res_st_td_frame_122.jpg,-13563906.59,4825525.2,140,W 6TH ST,Normal,6.9,25.4
data/2025spring/2025-3-9ChicoGroup1/GX011307.MP4/processed_frames/res_st_td_frame_123.jpg,-13563903.92,4825522.31,140,W 6TH ST,Normal,3.0,24.4
data/2025spring/2025-3-9ChicoGroup1/GX011307.MP4/processed_frames/res_st_td_frame_124.jpg,-13563900.58,4825518.69,140,W 6TH ST,Normal,15.4,28.4
data/2025spring/2025-3-9ChicoGroup1/GX011307.MP4/processed_frames/res_st_td_frame_125.jpg,-13563897.68,4825515.22,140,W 6TH ST,Normal,26.8,36.1
data/2025spring/2025-3-9ChicoGroup1/GX011307.MP4/processed_frames/res_st_td_frame_126.jpg,-13563894.01,4825511.16,140,W 6TH ST,Normal,40.6,47.1
data/2025spring/2025-3-9ChicoGroup1/GX011307.MP4/processed_frames/res_st_td_frame_127.jpg,-13563891.0,4825507.69,140,W 6TH ST,Normal,52.2,57.4
data/2025spring/2025-3-9ChicoGroup1/GX011307.MP4/processed_frames/res_st_td_frame_128.jpg,-13563887.77,4825504.07,,UNMATCHED,Not found,64.4,68.7
data/2025spring/2025-3-9ChicoGroup1/GX011307.MP4/processed_frames/res_st_td_frame_129.jpg,-13563884.99,4825500.89,,UNMATCHED,Not found,75.1,78.7
data/2025spring/2025-3-9ChicoGroup1/GX011307.MP4/processed_frames/res_st_td_frame_130.jpg,-13563882.21,4825497.7,,UNMATCHED,Not found,85.7,89.0
data/2025spring/2025-3-9ChicoGroup1/GX011307.MP4/processed_frames/res_st_td_frame_131.jpg,-13563879.09,4825494.23,,UNMATCHED,Not found,97.5,100.3
data/2025spring/2025-3-9ChicoGroup1/GX011307.MP4/processed_frames/res_st_td_frame_132.jpg,-13563876.42,4825491.19,,UNMATCHED,Not found,107.7,110.2
data/2025spring/2025-3-9ChicoGroup1/GX011307.MP4/processed_frames/res_st_td_frame_133.jpg,-13563873.64,4825488.01,,UNMATCHED,Not found,118.3,120.7
data/2025spring/2025-3-9ChicoGroup1/GX011307.MP4/processed_frames/res_st_td_frame_134.jpg,-13563870.85,4825484.82,,UNMATCHED,Not found,129.0,131.1
data/2025spring/2025-3-9ChicoGroup1/GX011307.MP4/processed_frames/res_st_td_frame_135.jpg,-13563867.96,4825481.64,,UNMATCHED,Not found,139.8,141.8
data/2025spring/2025-3-9ChicoGroup1/GX011307.MP4/processed_frames/res_st_td_frame_136.jpg,-13563865.18,4825478.31,,UNMATCHED,Not found,150.8,152.6
data/2025spring/2025-3-9ChicoGroup1/GX011307.MP4/processed_frames/res_st_td_frame_137.jpg,-13563862.39,4825475.13,,UNMATCHED,Not found,161.4,163.2
data/2025spring/2025-3-9ChicoGroup1/GX011307.MP4/processed_frames/res_st_td_frame_138.jpg,-13563859.61,4825471.94,,UNMATCHED,Not found,170.1,171.8
data/2025spring/2025-3-9ChicoGroup1/GX011307.MP4/processed_frames/res_st_td_frame_139.jpg,-13563857.05,4825469.05,,UNMATCHED,Not found,160.3,162.2
data/2025spring/2025-3-9ChicoGroup1/GX011307.MP4/processed_frames/res_st_td_frame_140.jpg,-13563854.16,4825465.86,,UNMATCHED,Not found,149.5,151.5
data/2025spring/2025-3-9ChicoGroup1/GX011307.MP4/processed_frames/res_st_td_frame_141.jpg,-13563851.37,4825462.54,,UNMATCHED,Not found,138.6,140.8
data/2025spring/2025-3-9ChicoGroup1/GX011307.MP4/processed_frames/res_st_td_frame_142.jpg,-13563848.14,4825458.92,,UNMATCHED,Not found,126.3,128.8
data/2025spring/2025-3-9ChicoGroup1/GX011307.MP4/processed_frames/res_st_td_frame_143.jpg,-13563845.58,4825456.02,,UNMATCHED,Not found,116.6,119.2
data/2025spring/2025-3-9ChicoGroup1/GX011307.MP4/processed_frames/res_st_td_frame_144.jpg,-13563842.8,4825452.84,,UNMATCHED,Not found,105.9,108.9
data/2025spring/2025-3-9ChicoGroup1/GX011307.MP4/processed_frames/res_st_td_frame_145.jpg,-13563840.24,4825449.8,,UNMATCHED,Not found,95.9,99.2
data/2025spring/2025-3-9ChicoGroup1/GX011307.MP4/processed_frames/res_st_td_frame_146.jpg,-13563837.01,4825446.18,,UNMATCHED,Not found,83.7,87.5
data/2025spring/2025-3-9ChicoGroup1/GX011307.MP4/processed_frames/res_st_td_frame_147.jpg,-13563834.12,4825443.0,,UNMATCHED,Not found,72.9,77.1
data/2025spring/2025-3-9ChicoGroup1/GX011307.MP4/processed_frames/res_st_td_frame_148.jpg,-13563831.56,4825440.1,,UNMATCHED,Not found,63.1,68.0
data/2025spring/2025-3-9ChicoGroup1/GX011307.MP4/processed_frames/res_st_td_frame_149.jpg,-13563828.78,4825436.77,140,W 7TH ST,Normal,52.2,58.2
data/2025spring/2025-3-9ChicoGroup1/GX011307.MP4/processed_frames/res_st_td_frame_150.jpg,-13563826.21,4825433.88,140,W 7TH ST,Normal,42.4,49.7
data/2025spring/2025-3-9ChicoGroup1/GX011307.MP4/processed_frames/res_st_td_frame_151.jpg,-13563823.32,4825430.7,140,W 7TH ST,Normal,31.6,40.8
data/2025spring/2025-3-9ChicoGroup1/GX011307.MP4/processed_frames/res_st_td_frame_152.jpg,-13563820.54,4825427.37,140,W 7TH ST,Normal,20.7,33.3
data/2025spring/2025-3-9ChicoGroup1/GX011307.MP4/processed_frames/res_st_td_frame_153.jpg,-13563817.64,4825424.18,140,W 7TH ST,Normal,9.8,27.9
data/2025spring/2025-3-9ChicoGroup1/GX011307.MP4/processed_frames/res_st_td_frame_154.jpg,-13563814.75,4825421.0,140,W 7TH ST,Normal,1.0,26.0
data/2025spring/2025-3-9ChicoGroup1/GX011307.MP4/processed_frames/res_st_td_frame_155.jpg,-13563812.3,4825418.1,140,W 7TH ST,Normal,10.6,28.3
data/2025spring/2025-3-9ChicoGroup1/GX011307.MP4/processed_frames/res_st_td_frame_156.jpg,-13563809.41,4825414.78,140,W 7TH ST,Normal,21.7,34.2
data/2025spring/2025-3-9ChicoGroup1/GX011307.MP4/processed_frames/res_st_td_frame_157.jpg,-13563806.62,4825411.59,140,W 7TH ST,Normal,32.4,41.8
data/2025spring/2025-3-9ChicoGroup1/GX011307.MP4/processed_frames/res_st_td_frame_158.jpg,-13563803.73,4825408.26,140,W 7TH ST,Normal,43.5,51.0
data/2025spring/2025-3-9ChicoGroup1/GX011307.MP4/processed_frames/res_st_td_frame_159.jpg,-13563801.28,4825405.37,140,W 7TH ST,Normal,53.0,59.5
data/2025spring/2025-3-9ChicoGroup1/GX011307.MP4/processed_frames/res_st_td_frame_160.jpg,-13563798.39,4825402.04,,UNMATCHED,Not found,64.1,69.6
data/2025spring/2025-3-9ChicoGroup1/GX011307.MP4/processed_frames/res_st_td_frame_161.jpg,-13563795.6,4825398.86,,UNMATCHED,Not found,74.8,79.6
data/2025spring/2025-3-9ChicoGroup1/GX011307.MP4/processed_frames/res_st_td_frame_162.jpg,-13563793.04,4825395.96,,UNMATCHED,Not found,84.5,88.8
data/2025spring/2025-3-9ChicoGroup1/GX011307.MP4/processed_frames/res_st_td_frame_163.jpg,-13563790.26,4825392.63,,UNMATCHED,Not found,95.5,99.4
data/2025spring/2025-3-9ChicoGroup1/GX011307.MP4/processed_frames/res_st_td_frame_164.jpg,-13563787.7,4825389.74,,UNMATCHED,Not found,105.2,108.8
data/2025spring/2025-3-9ChicoGroup1/GX011307.MP4/processed_frames/res_st_td_frame_165.jpg,-13563784.58,4825386.12,,UNMATCHED,Not found,117.2,120.5
data/2025spring/2025-3-9ChicoGroup1/GX011307.MP4/processed_frames/res_st_td_frame_166.jpg,-13563782.13,4825383.37,,UNMATCHED,Not found,126.5,129.6
data/2025spring/2025-3-9ChicoGroup1/GX011307.MP4/processed_frames/res_st_td_frame_167.jpg,-13563779.24,4825380.04,,UNMATCHED,Not found,137.6,140.5
data/2025spring/2025-3-9ChicoGroup1/GX011307.MP4/processed_frames/res_st_td_frame_168.jpg,-13563776.46,4825376.86,,UNMATCHED,Not found,148.3,151.0
data/2025spring/2025-3-9ChicoGroup1/GX011307.MP4/processed_frames/res_st_td_frame_169.jpg,-13563774.01,4825373.96,,UNMATCHED,Not found,157.9,160.4
data/2025spring/2025-3-9ChicoGroup1/GX011307.MP4/processed_frames/res_st_td_frame_170.jpg,-13563771.22,4825370.78,,UNMATCHED,Not found,168.5,170.9
data/2025spring/2025-3-9ChicoGroup1/GX011307.MP4/processed_frames/res_st_td_frame_171.jpg,-13563768.44,4825367.59,,UNMATCHED,Not found,161.1,179.2
data/2025spring/2025-3-9ChicoGroup1/GX011307.MP4/processed_frames/res_st_td_frame_172.jpg,-13563765.55,4825364.41,,UNMATCHED,Not found,150.3,190.0
data/2025spring/2025-3-9ChicoGroup1/GX011307.MP4/processed_frames/res_st_td_frame_173.jpg,-13563763.1,4825361.52,,UNMATCHED,Not found,140.7,199.6
data/2025spring/2025-3-9ChicoGroup1/GX011307.MP4/processed_frames/res_st_td_frame_174.jpg,-13563760.31,4825358.33,,UNMATCHED,Not found,130.1,210.2
data/2025spring/2025-3-9ChicoGroup1/GX011307.MP4/processed_frames/res_st_td_frame_175.jpg,-13563757.64,4825355.29,,UNMATCHED,Not found,119.9,220.4
data/2025spring/2025-3-9ChicoGroup1/GX011307.MP4/processed_frames/res_st_td_frame_176.jpg,-13563755.19,4825352.4,,UNMATCHED,Not found,110.3,230.0
data/2025spring/2025-3-9ChicoGroup1/GX011307.MP4/processed_frames/res_st_td_frame_177.jpg,-13563752.41,4825349.21,,UNMATCHED,Not found,99.7,240.6
data/2025spring/2025-3-9ChicoGroup1/GX011307.MP4/processed_frames/res_st_td_frame_178.jpg,-13563749.63,4825346.03,,UNMATCHED,Not found,89.0,251.3
data/2025spring/2025-3-9ChicoGroup1/GX011307.MP4/processed_frames/res_st_td_frame_179.jpg,-13563746.96,4825342.99,,UNMATCHED,Not found,78.8,261.5
data/2025spring/2025-3-9ChicoGroup1/GX011307.MP4/processed_frames/res_st_td_frame_180.jpg,-13563743.95,4825339.37,,UNMATCHED,Not found,67.0,273.3
data/2025spring/2025-3-9ChicoGroup1/GX011307.MP4/processed_frames/res_st_td_frame_181.jpg,-13563741.17,4825336.33,10,W 8TH ST,Normal,56.6,283.7
data/2025spring/2025-3-9ChicoGroup1/GX011307.MP4/processed_frames/res_st_td_frame_182.jpg,-13563738.5,4825333.15,10,W 8TH ST,Normal,46.1,294.2
data/2025spring/2025-3-9ChicoGroup1/GX011307.MP4/processed_frames/res_st_td_frame_183.jpg,-13563735.82,4825330.11,10,W 8TH ST,Normal,35.9,304.4
data/2025spring/2025-3-9ChicoGroup1/GX011307.MP4/processed_frames/res_st_td_frame_184.jpg,-13563733.04,4825326.93,10,W 8TH ST,Normal,25.3,315.1
data/2025spring/2025-3-9ChicoGroup1/GX011307.MP4/processed_frames/res_st_td_frame_185.jpg,-13563730.03,4825323.45,10,W 8TH ST,Normal,13.7,315.5
data/2025spring/2025-3-9ChicoGroup1/GX011307.MP4/processed_frames/res_st_td_frame_186.jpg,-13563727.36,4825320.41,10,W 8TH ST,Normal,3.5,305.3
data/2025spring/2025-3-9ChicoGroup1/GX011307.MP4/processed_frames/res_st_td_frame_187.jpg,-13563724.02,4825316.65,10,W 8TH ST,Normal,9.2,292.6
data/2025spring/2025-3-9ChicoGroup1/GX011307.MP4/processed_frames/res_st_td_frame_188.jpg,-13563721.35,4825313.47,10,W 8TH ST,Normal,19.6,282.1
data/2025spring/2025-3-9ChicoGroup1/GX011307.MP4/processed_frames/res_st_td_frame_189.jpg,-13563718.68,4825310.43,10,W 8TH ST,Normal,29.8,272.0
data/2025spring/2025-3-9ChicoGroup1/GX011307.MP4/processed_frames/res_st_td_frame_190.jpg,-13563716.01,4825307.24,10,W 8TH ST,Normal,40.3,261.5
data/2025spring/2025-3-9ChicoGroup1/GX011307.MP4/processed_frames/res_st_td_frame_191.jpg,-13563713.23,4825304.2,10,W 8TH ST,Normal,50.7,251.1
data/2025spring/2025-3-9ChicoGroup1/GX011307.MP4/processed_frames/res_st_td_frame_192.jpg,-13563710.55,4825301.17,,UNMATCHED,Not found,60.9,240.9
data/2025spring/2025-3-9ChicoGroup1/GX011307.MP4/processed_frames/res_st_td_frame_193.jpg,-13563707.88,4825297.98,,UNMATCHED,Not found,71.3,230.4
data/2025spring/2025-3-9ChicoGroup1/GX011307.MP4/processed_frames/res_st_td_frame_194.jpg,-13563705.21,4825294.94,,UNMATCHED,Not found,81.5,220.2
data/2025spring/2025-3-9ChicoGroup1/GX011307.MP4/processed_frames/res_st_td_frame_195.jpg,-13563702.54,4825291.9,,UNMATCHED,Not found,91.7,210.0
data/2025spring/2025-3-9ChicoGroup1/GX011307.MP4/processed_frames/res_st_td_frame_196.jpg,-13563699.87,4825288.86,,UNMATCHED,Not found,101.9,199.8
data/2025spring/2025-3-9ChicoGroup1/GX011307.MP4/processed_frames/res_st_td_frame_197.jpg,-13563697.2,4825285.68,,UNMATCHED,Not found,112.4,189.4
data/2025spring/2025-3-9ChicoGroup1/GX011307.MP4/processed_frames/res_st_td_frame_198.jpg,-13563694.64,4825282.64,,UNMATCHED,Not found,122.4,179.4
data/2025spring/2025-3-9ChicoGroup1/GX011307.MP4/processed_frames/res_st_td_frame_199.jpg,-13563691.63,4825279.31,,UNMATCHED,Not found,133.7,168.0
data/2025spring/2025-3-9ChicoGroup1/GX011307.MP4/processed_frames/res_st_td_frame_200.jpg,-13563688.96,4825276.27,,UNMATCHED,Not found,143.9,157.8
data/2025spring/2025-3-9ChicoGroup1/GX011307.MP4/processed_frames/res_st_td_frame_201.jpg,-13563686.4,4825273.23,,UNMATCHED,Not found,147.8,149.8
data/2025spring/2025-3-9ChicoGroup1/GX011307.MP4/processed_frames/res_st_td_frame_202.jpg,-13563683.5,4825269.91,,UNMATCHED,Not found,136.7,138.8
data/2025spring/2025-3-9ChicoGroup1/GX011307.MP4/processed_frames/res_st_td_frame_203.jpg,-13563680.83,4825266.87,,UNMATCHED,Not found,126.5,128.8
data/2025spring/2025-3-9ChicoGroup1/GX011307.MP4/processed_frames/res_st_td_frame_204.jpg,-13563678.16,4825263.83,,UNMATCHED,Not found,116.3,118.9
data/2025spring/2025-3-9ChicoGroup1/GX011307.MP4/processed_frames/res_st_td_frame_205.jpg,-13563675.38,4825260.5,,UNMATCHED,Not found,105.4,108.3
data/2025spring/2025-3-9ChicoGroup1/GX011307.MP4/processed_frames/res_st_td_frame_206.jpg,-13563672.71,4825257.6,,UNMATCHED,Not found,95.5,98.6
data/2025spring/2025-3-9ChicoGroup1/GX011307.MP4/processed_frames/res_st_td_frame_207.jpg,-13563669.92,4825254.27,,UNMATCHED,Not found,84.5,88.2
data/2025spring/2025-3-9ChicoGroup1/GX011307.MP4/processed_frames/res_st_td_frame_208.jpg,-13563667.03,4825250.95,,UNMATCHED,Not found,73.4,77.7
data/2025spring/2025-3-9ChicoGroup1/GX011307.MP4/processed_frames/res_st_td_frame_209.jpg,-13563665.91,4825249.79,,UNMATCHED,Not found,69.4,73.8
data/2025spring/2025-3-9ChicoGroup1/GX011308.MP4/processed_frames/res_st_td_frame_0.jpg,-13563628.29,4825220.84,10,WALNUT ST,Normal,1.4,48.5
data/2025spring/2025-3-9ChicoGroup1/GX011308.MP4/processed_frames/res_st_td_frame_1.jpg,-13563631.41,4825224.46,10,WALNUT ST,Normal,1.7,36.4
data/2025spring/2025-3-9ChicoGroup1/GX011308.MP4/processed_frames/res_st_td_frame_2.jpg,-13563635.19,4825228.08,10,WALNUT ST,Normal,3.4,23.3
data/2025spring/2025-3-9ChicoGroup1/GX011308.MP4/processed_frames/res_st_td_frame_3.jpg,-13563637.86,4825231.26,10,WALNUT ST,Normal,3.5,12.8
data/2025spring/2025-3-9ChicoGroup1/GX011308.MP4/processed_frames/res_st_td_frame_4.jpg,-13563640.53,4825234.3,10,W 9TH ST,Normal,2.6,3.9
data/2025spring/2025-3-9ChicoGroup1/GX011308.MP4/processed_frames/res_st_td_frame_5.jpg,-13563643.43,4825237.78,10,W 9TH ST,Normal,8.8,9.5
data/2025spring/2025-3-9ChicoGroup1/GX011308.MP4/processed_frames/res_st_td_frame_6.jpg,-13563646.1,4825240.82,10,W 9TH ST,Normal,19.0,19.3
data/2025spring/2025-3-9ChicoGroup1/GX011308.MP4/processed_frames/res_st_td_frame_7.jpg,-13563649.22,4825244.43,10,W 9TH ST,Normal,31.0,31.2
data/2025spring/2025-3-9ChicoGroup1/GX011308.MP4/processed_frames/res_st_td_frame_8.jpg,-13563652.22,4825248.05,10,W 9TH ST,Normal,42.9,43.0
data/2025spring/2025-3-9ChicoGroup1/GX011308.MP4/processed_frames/res_st_td_frame_9.jpg,-13563655.12,4825251.38,10,W 9TH ST,Normal,54.0,54.0
data/2025spring/2025-3-9ChicoGroup1/GX011308.MP4/processed_frames/res_st_td_frame_10.jpg,-13563658.23,4825255.0,,UNMATCHED,Not found,66.0,66.1
data/2025spring/2025-3-9ChicoGroup1/GX011308.MP4/processed_frames/res_st_td_frame_11.jpg,-13563661.13,4825258.33,,UNMATCHED,Not found,77.1,77.2
data/2025spring/2025-3-9ChicoGroup1/GX011308.MP4/processed_frames/res_st_td_frame_12.jpg,-13563664.13,4825261.8,,UNMATCHED,Not found,88.7,88.7
data/2025spring/2025-3-9ChicoGroup1/GX011308.MP4/processed_frames/res_st_td_frame_13.jpg,-13563666.92,4825264.98,,UNMATCHED,Not found,99.4,99.4
data/2025spring/2025-3-9ChicoGroup1/GX011308.MP4/processed_frames/res_st_td_frame_14.jpg,-13563669.92,4825268.46,,UNMATCHED,Not found,110.9,111.0
data/2025spring/2025-3-9ChicoGroup1/GX011308.MP4/processed_frames/res_st_td_frame_15.jpg,-13563672.82,4825271.79,,UNMATCHED,Not found,122.1,122.1
data/2025spring/2025-3-9ChicoGroup1/GX011308.MP4/processed_frames/res_st_td_frame_16.jpg,-13563675.71,4825275.12,,UNMATCHED,Not found,133.2,133.2
data/2025spring/2025-3-9ChicoGroup1/GX011308.MP4/processed_frames/res_st_td_frame_17.jpg,-13563678.61,4825278.44,,UNMATCHED,Not found,144.3,144.3
data/2025spring/2025-3-9ChicoGroup1/GX011308.MP4/processed_frames/res_st_td_frame_18.jpg,-13563681.39,4825281.63,,UNMATCHED,Not found,145.7,155.0
data/2025spring/2025-3-9ChicoGroup1/GX011308.MP4/processed_frames/res_st_td_frame_19.jpg,-13563684.39,4825285.1,,UNMATCHED,Not found,134.1,166.5
data/2025spring/2025-3-9ChicoGroup1/GX011308.MP4/processed_frames/res_st_td_frame_20.jpg,-13563687.18,4825288.29,,UNMATCHED,Not found,123.5,177.2
data/2025spring/2025-3-9ChicoGroup1/GX011308.MP4/processed_frames/res_st_td_frame_21.jpg,-13563689.96,4825291.47,,UNMATCHED,Not found,112.8,187.8
data/2025spring/2025-3-9ChicoGroup1/GX011308.MP4/processed_frames/res_st_td_frame_22.jpg,-13563692.74,4825294.65,,UNMATCHED,Not found,102.2,198.5
data/2025spring/2025-3-9ChicoGroup1/GX011308.MP4/processed_frames/res_st_td_frame_23.jpg,-13563695.86,4825298.13,,UNMATCHED,Not found,90.4,210.3
data/2025spring/2025-3-9ChicoGroup1/GX011308.MP4/processed_frames/res_st_td_frame_24.jpg,-13563698.64,4825301.31,,UNMATCHED,Not found,79.7,220.9
data/2025spring/2025-3-9ChicoGroup1/GX011308.MP4/processed_frames/res_st_td_frame_25.jpg,-13563701.43,4825304.49,,UNMATCHED,Not found,69.1,231.6
data/2025spring/2025-3-9ChicoGroup1/GX011308.MP4/processed_frames/res_st_td_frame_26.jpg,-13563704.21,4825307.68,10,W 8TH ST,Normal,58.4,242.2
data/2025spring/2025-3-9ChicoGroup1/GX011308.MP4/processed_frames/res_st_td_frame_27.jpg,-13563706.99,4825310.86,10,W 8TH ST,Normal,47.8,252.9
data/2025spring/2025-3-9ChicoGroup1/GX011308.MP4/processed_frames/res_st_td_frame_28.jpg,-13563710.0,4825314.19,10,W 8TH ST,Normal,36.5,264.2
data/2025spring/2025-3-9ChicoGroup1/GX011308.MP4/processed_frames/res_st_td_frame_29.jpg,-13563712.67,4825317.37,10,W 8TH ST,Normal,26.0,274.7
data/2025spring/2025-3-9ChicoGroup1/GX011308.MP4/processed_frames/res_st_td_frame_30.jpg,-13563715.45,4825320.41,10,W 8TH ST,Normal,15.6,285.1
data/2025spring/2025-3-9ChicoGroup1/GX011308.MP4/processed_frames/res_st_td_frame_31.jpg,-13563718.46,4825323.89,10,W 8TH ST,Normal,4.1,296.6
data/2025spring/2025-3-9ChicoGroup1/GX011308.MP4/processed_frames/res_st_td_frame_32.jpg,-13563721.13,4825326.93,10,W 8TH ST,Normal,6.3,306.8
data/2025spring/2025-3-9ChicoGroup1/GX011308.MP4/processed_frames/res_st_td_frame_33.jpg,-13563723.91,4825330.11,10,W 8TH ST,Normal,16.9,317.5
data/2025spring/2025-3-9ChicoGroup1/GX011308.MP4/processed_frames/res_st_td_frame_34.jpg,-13563726.81,4825333.29,10,W 8TH ST,Normal,27.7,313.7
data/2025spring/2025-3-9ChicoGroup1/GX011308.MP4/processed_frames/res_st_td_frame_35.jpg,-13563729.92,4825336.77,10,W 8TH ST,Normal,39.5,301.9
data/2025spring/2025-3-9ChicoGroup1/GX011308.MP4/processed_frames/res_st_td_frame_36.jpg,-13563732.6,4825339.81,10,W 8TH ST,Normal,49.7,291.7
data/2025spring/2025-3-9ChicoGroup1/GX011308.MP4/processed_frames/res_st_td_frame_37.jpg,-13563735.49,4825343.14,,UNMATCHED,Not found,60.8,280.6
data/2025spring/2025-3-9ChicoGroup1/GX011308.MP4/processed_frames/res_st_td_frame_38.jpg,-13563738.5,4825346.46,,UNMATCHED,Not found,72.1,269.3
data/2025spring/2025-3-9ChicoGroup1/GX011308.MP4/processed_frames/res_st_td_frame_39.jpg,-13563741.17,4825349.65,,UNMATCHED,Not found,82.5,258.8
data/2025spring/2025-3-9ChicoGroup1/GX011308.MP4/processed_frames/res_st_td_frame_40.jpg,-13563743.95,4825352.83,,UNMATCHED,Not found,93.2,248.2
data/2025spring/2025-3-9ChicoGroup1/GX011308.MP4/processed_frames/res_st_td_frame_41.jpg,-13563746.62,4825356.02,,UNMATCHED,Not found,103.7,237.7
data/2025spring/2025-3-9ChicoGroup1/GX011308.MP4/processed_frames/res_st_td_frame_42.jpg,-13563749.29,4825359.35,,UNMATCHED,Not found,114.4,226.9
data/2025spring/2025-3-9ChicoGroup1/GX011308.MP4/processed_frames/res_st_td_frame_43.jpg,-13563752.08,4825362.96,,UNMATCHED,Not found,125.9,215.5
data/2025spring/2025-3-9ChicoGroup1/GX011308.MP4/processed_frames/res_st_td_frame_44.jpg,-13563754.64,4825366.29,,UNMATCHED,Not found,136.5,204.9
data/2025spring/2025-3-9ChicoGroup1/GX011308.MP4/processed_frames/res_st_td_frame_45.jpg,-13563757.2,4825369.91,,UNMATCHED,Not found,147.6,193.8
data/2025spring/2025-3-9ChicoGroup1/GX011308.MP4/processed_frames/res_st_td_frame_46.jpg,-13563759.53,4825373.24,,UNMATCHED,Not found,157.9,183.6
data/2025spring/2025-3-9ChicoGroup1/GX011308.MP4/processed_frames/res_st_td_frame_47.jpg,-13563761.87,4825376.86,,UNMATCHED,Not found,168.6,172.9
data/2025spring/2025-3-9ChicoGroup1/GX011308.MP4/processed_frames/res_st_td_frame_48.jpg,-13563764.32,4825380.62,,UNMATCHED,Not found,161.7,161.7
data/2025spring/2025-3-9ChicoGroup1/GX011308.MP4/processed_frames/res_st_td_frame_49.jpg,-13563766.44,4825384.09,,UNMATCHED,Not found,151.6,151.7
data/2025spring/2025-3-9ChicoGroup1/GX011308.MP4/processed_frames/res_st_td_frame_50.jpg,-13563769.0,4825387.86,,UNMATCHED,Not found,140.2,140.4
data/2025spring/2025-3-9ChicoGroup1/GX011308.MP4/processed_frames/res_st_td_frame_51.jpg,-13563771.67,4825391.47,,UNMATCHED,Not found,128.9,129.1
data/2025spring/2025-3-9ChicoGroup1/GX011308.MP4/processed_frames/res_st_td_frame_52.jpg,-13563774.12,4825394.95,,UNMATCHED,Not found,118.3,118.6
data/2025spring/2025-3-9ChicoGroup1/GX011308.MP4/processed_frames/res_st_td_frame_53.jpg,-13563776.79,4825398.42,,UNMATCHED,Not found,107.2,107.6
data/2025spring/2025-3-9ChicoGroup1/GX011308.MP4/processed_frames/res_st_td_frame_54.jpg,-13563779.46,4825401.75,,UNMATCHED,Not found,96.5,97.0
data/2025spring/2025-3-9ChicoGroup1/GX011308.MP4/processed_frames/res_st_td_frame_55.jpg,-13563782.02,4825404.79,,UNMATCHED,Not found,86.5,87.0
data/2025spring/2025-3-9ChicoGroup1/GX011308.MP4/processed_frames/res_st_td_frame_56.jpg,-13563784.8,4825408.12,,UNMATCHED,Not found,75.5,76.2
data/2025spring/2025-3-9ChicoGroup1/GX011308.MP4/processed_frames/res_st_td_frame_57.jpg,-13563787.36,4825411.16,,UNMATCHED,Not found,65.5,66.3
data/2025spring/2025-3-9ChicoGroup1/GX011308.MP4/processed_frames/res_st_td_frame_58.jpg,-13563789.92,4825414.2,130,W 7TH ST,Normal,55.5,56.4
data/2025spring/2025-3-9ChicoGroup1/GX011308.MP4/processed_frames/res_st_td_frame_59.jpg,-13563792.71,4825417.53,130,W 7TH ST,Normal,44.6,45.8
data/2025spring/2025-3-9ChicoGroup1/GX011308.MP4/processed_frames/res_st_td_frame_60.jpg,-13563795.49,4825420.71,130,W 7TH ST,Normal,33.9,35.4
data/2025spring/2025-3-9ChicoGroup1/GX011308.MP4/processed_frames/res_st_td_frame_61.jpg,-13563798.16,4825423.75,130,W 7TH ST,Normal,23.7,25.8
data/2025spring/2025-3-9ChicoGroup1/GX011308.MP4/processed_frames/res_st_td_frame_62.jpg,-13563800.95,4825426.93,130,W 7TH ST,Normal,13.0,16.5
data/2025spring/2025-3-9ChicoGroup1/GX011308.MP4/processed_frames/res_st_td_frame_63.jpg,-13563803.73,4825430.26,130,W 7TH ST,Normal,2.1,10.6
data/2025spring/2025-3-9ChicoGroup1/GX011308.MP4/processed_frames/res_st_td_frame_64.jpg,-13563806.29,4825433.16,130,W 7TH ST,Normal,7.6,12.8
data/2025spring/2025-3-9ChicoGroup1/GX011308.MP4/processed_frames/res_st_td_frame_65.jpg,-13563809.07,4825436.48,130,W 7TH ST,Normal,18.6,21.3
data/2025spring/2025-3-9ChicoGroup1/GX011308.MP4/processed_frames/res_st_td_frame_66.jpg,-13563811.97,4825439.67,130,W 7TH ST,Normal,29.4,31.1
data/2025spring/2025-3-9ChicoGroup1/GX011308.MP4/processed_frames/res_st_td_frame_67.jpg,-13563814.97,4825443.14,130,W 7TH ST,Normal,41.0,42.2
data/2025spring/2025-3-9ChicoGroup1/GX011308.MP4/processed_frames/res_st_td_frame_68.jpg,-13563817.64,4825446.18,130,W 7TH ST,Normal,51.2,52.2
data/2025spring/2025-3-9ChicoGroup1/GX011308.MP4/processed_frames/res_st_td_frame_69.jpg,-13563820.54,4825449.51,,UNMATCHED,Not found,62.3,63.1
data/2025spring/2025-3-9ChicoGroup1/GX011308.MP4/processed_frames/res_st_td_frame_70.jpg,-13563823.32,4825452.69,,UNMATCHED,Not found,73.0,73.6
data/2025spring/2025-3-9ChicoGroup1/GX011308.MP4/processed_frames/res_st_td_frame_71.jpg,-13563825.99,4825455.73,,UNMATCHED,Not found,83.2,83.7
data/2025spring/2025-3-9ChicoGroup1/GX011308.MP4/processed_frames/res_st_td_frame_72.jpg,-13563828.78,4825458.92,,UNMATCHED,Not found,93.8,94.3
data/2025spring/2025-3-9ChicoGroup1/GX011308.MP4/processed_frames/res_st_td_frame_73.jpg,-13563831.45,4825461.96,,UNMATCHED,Not found,104.0,104.5
data/2025spring/2025-3-9ChicoGroup1/GX011308.MP4/processed_frames/res_st_td_frame_74.jpg,-13563834.34,4825465.29,,UNMATCHED,Not found,115.1,115.5
data/2025spring/2025-3-9ChicoGroup1/GX011308.MP4/processed_frames/res_st_td_frame_75.jpg,-13563837.01,4825468.47,,UNMATCHED,Not found,125.6,126.0
data/2025spring/2025-3-9ChicoGroup1/GX011308.MP4/processed_frames/res_st_td_frame_76.jpg,-13563839.8,4825471.65,,UNMATCHED,Not found,136.3,136.6
data/2025spring/2025-3-9ChicoGroup1/GX011308.MP4/processed_frames/res_st_td_frame_77.jpg,-13563842.58,4825474.84,,UNMATCHED,Not found,146.9,147.2
data/2025spring/2025-3-9ChicoGroup1/GX011308.MP4/processed_frames/res_st_td_frame_78.jpg,-13563845.47,4825478.02,,UNMATCHED,Not found,157.8,158.0
data/2025spring/2025-3-9ChicoGroup1/GX011308.MP4/processed_frames/res_st_td_frame_79.jpg,-13563848.26,4825481.35,,UNMATCHED,Not found,168.7,169.0
data/2025spring/2025-3-9ChicoGroup1/GX011308.MP4/processed_frames/res_st_td_frame_80.jpg,-13563851.15,4825484.68,,UNMATCHED,Not found,161.5,162.7
data/2025spring/2025-3-9ChicoGroup1/GX011308.MP4/processed_frames/res_st_td_frame_81.jpg,-13563853.82,4825487.72,,UNMATCHED,Not found,151.3,152.5
data/2025spring/2025-3-9ChicoGroup1/GX011308.MP4/processed_frames/res_st_td_frame_82.jpg,-13563856.38,4825490.9,,UNMATCHED,Not found,141.0,142.3
data/2025spring/2025-3-9ChicoGroup1/GX011308.MP4/processed_frames/res_st_td_frame_83.jpg,-13563859.28,4825494.23,,UNMATCHED,Not found,129.9,131.2
data/2025spring/2025-3-9ChicoGroup1/GX011308.MP4/processed_frames/res_st_td_frame_84.jpg,-13563862.06,4825497.41,,UNMATCHED,Not found,119.3,120.6
data/2025spring/2025-3-9ChicoGroup1/GX011308.MP4/processed_frames/res_st_td_frame_85.jpg,-13563864.73,4825500.6,,UNMATCHED,Not found,108.8,110.3
data/2025spring/2025-3-9ChicoGroup1/GX011308.MP4/processed_frames/res_st_td_frame_86.jpg,-13563867.4,4825503.78,,UNMATCHED,Not found,98.3,99.9
data/2025spring/2025-3-9ChicoGroup1/GX011308.MP4/processed_frames/res_st_td_frame_87.jpg,-13563870.07,4825506.97,,UNMATCHED,Not found,87.9,89.6
data/2025spring/2025-3-9ChicoGroup1/GX011308.MP4/processed_frames/res_st_td_frame_88.jpg,-13563872.86,4825510.15,,UNMATCHED,Not found,77.2,79.1
data/2025spring/2025-3-9ChicoGroup1/GX011308.MP4/processed_frames/res_st_td_frame_89.jpg,-13563875.64,4825513.48,,UNMATCHED,Not found,66.3,68.4
data/2025spring/2025-3-9ChicoGroup1/GX011308.MP4/processed_frames/res_st_td_frame_90.jpg,-13563878.42,4825516.66,150,W 6TH ST,Normal,55.6,58.1
data/2025spring/2025-3-9ChicoGroup1/GX011308.MP4/processed_frames/res_st_td_frame_91.jpg,-13563881.21,4825519.99,150,W 6TH ST,Normal,44.7,47.7
data/2025spring/2025-3-9ChicoGroup1/GX011308.MP4/processed_frames/res_st_td_frame_92.jpg,-13563883.77,4825523.03,150,W 6TH ST,Normal,34.7,38.4
data/2025spring/2025-3-9ChicoGroup1/GX011308.MP4/processed_frames/res_st_td_frame_93.jpg,-13563886.55,4825526.36,150,W 6TH ST,Normal,23.7,28.8
data/2025spring/2025-3-9ChicoGroup1/GX011308.MP4/processed_frames/res_st_td_frame_94.jpg,-13563889.44,4825529.69,150,W 6TH ST,Normal,12.6,20.4
data/2025spring/2025-3-9ChicoGroup1/GX011308.MP4/processed_frames/res_st_td_frame_95.jpg,-13563892.23,4825533.02,150,W 6TH ST,Normal,1.7,15.9
data/2025spring/2025-3-9ChicoGroup1/GX011308.MP4/processed_frames/res_st_td_frame_96.jpg,-13563895.12,4825536.35,150,W 6TH ST,Normal,9.4,18.1
data/2025spring/2025-3-9ChicoGroup1/GX011308.MP4/processed_frames/res_st_td_frame_97.jpg,-13563898.02,4825539.82,150,W 6TH ST,Normal,20.8,25.9
data/2025spring/2025-3-9ChicoGroup1/GX011308.MP4/processed_frames/res_st_td_frame_98.jpg,-13563900.58,4825542.86,150,W 6TH ST,Normal,30.8,34.4
data/2025spring/2025-3-9ChicoGroup1/GX011308.MP4/processed_frames/res_st_td_frame_99.jpg,-13563903.47,4825546.33,150,W 6TH ST,Normal,42.2,44.8
data/2025spring/2025-3-9ChicoGroup1/GX011308.MP4/processed_frames/res_st_td_frame_100.jpg,-13563906.03,4825549.37,150,W 6TH ST,Normal,52.2,54.3
data/2025spring/2025-3-9ChicoGroup1/GX011308.MP4/processed_frames/res_st_td_frame_101.jpg,-13563908.7,4825552.41,,UNMATCHED,Not found,62.4,64.1
data/2025spring/2025-3-9ChicoGroup1/GX011308.MP4/processed_frames/res_st_td_frame_102.jpg,-13563911.6,4825555.89,,UNMATCHED,Not found,73.8,75.2
data/2025spring/2025-3-9ChicoGroup1/GX011308.MP4/processed_frames/res_st_td_frame_103.jpg,-13563914.49,4825559.36,,UNMATCHED,Not found,85.2,86.4
data/2025spring/2025-3-9ChicoGroup1/GX011308.MP4/processed_frames/res_st_td_frame_104.jpg,-13563917.16,4825562.54,,UNMATCHED,Not found,95.7,96.7
data/2025spring/2025-3-9ChicoGroup1/GX011308.MP4/processed_frames/res_st_td_frame_105.jpg,-13563920.17,4825566.02,,UNMATCHED,Not found,107.3,108.2
data/2025spring/2025-3-9ChicoGroup1/GX011308.MP4/processed_frames/res_st_td_frame_106.jpg,-13563922.84,4825569.06,,UNMATCHED,Not found,117.5,118.2
data/2025spring/2025-3-9ChicoGroup1/GX011308.MP4/processed_frames/res_st_td_frame_107.jpg,-13563925.85,4825572.53,,UNMATCHED,Not found,129.0,129.7
data/2025spring/2025-3-9ChicoGroup1/GX011308.MP4/processed_frames/res_st_td_frame_108.jpg,-13563928.63,4825575.71,,UNMATCHED,Not found,139.7,140.3
data/2025spring/2025-3-9ChicoGroup1/GX011308.MP4/processed_frames/res_st_td_frame_109.jpg,-13563931.3,4825578.9,,UNMATCHED,Not found,150.2,150.7
data/2025spring/2025-3-9ChicoGroup1/GX011308.MP4/processed_frames/res_st_td_frame_110.jpg,-13563934.31,4825582.37,,UNMATCHED,Not found,161.7,162.2
data/2025spring/2025-3-9ChicoGroup1/GX011308.MP4/processed_frames/res_st_td_frame_111.jpg,-13563937.09,4825585.55,,UNMATCHED,Not found,154.0,154.0
data/2025spring/2025-3-9ChicoGroup1/GX011308.MP4/processed_frames/res_st_td_frame_112.jpg,-13563940.09,4825589.17,,UNMATCHED,Not found,142.1,142.1
data/2025spring/2025-3-9ChicoGroup1/GX011308.MP4/processed_frames/res_st_td_frame_113.jpg,-13563942.77,4825592.36,,UNMATCHED,Not found,131.7,131.7
data/2025spring/2025-3-9ChicoGroup1/GX011308.MP4/processed_frames/res_st_td_frame_114.jpg,-13563945.55,4825595.54,,UNMATCHED,Not found,121.0,121.0
data/2025spring/2025-3-9ChicoGroup1/GX011308.MP4/processed_frames/res_st_td_frame_115.jpg,-13563948.22,4825598.72,,UNMATCHED,Not found,110.5,110.5
data/2025spring/2025-3-9ChicoGroup1/GX011308.MP4/processed_frames/res_st_td_frame_116.jpg,-13563951.0,4825601.91,,UNMATCHED,Not found,99.9,99.9
data/2025spring/2025-3-9ChicoGroup1/GX011308.MP4/processed_frames/res_st_td_frame_117.jpg,-13563953.68,4825605.09,,UNMATCHED,Not found,89.4,89.4
data/2025spring/2025-3-9ChicoGroup1/GX011308.MP4/processed_frames/res_st_td_frame_118.jpg,-13563956.46,4825608.28,,UNMATCHED,Not found,78.8,78.8
data/2025spring/2025-3-9ChicoGroup1/GX011308.MP4/processed_frames/res_st_td_frame_119.jpg,-13563959.24,4825611.46,,UNMATCHED,Not found,68.1,68.1
data/2025spring/2025-3-9ChicoGroup1/GX011308.MP4/processed_frames/res_st_td_frame_120.jpg,-13563961.69,4825614.36,120,W 5TH ST,Normal,58.6,58.6
data/2025spring/2025-3-9ChicoGroup1/GX011308.MP4/processed_frames/res_st_td_frame_121.jpg,-13563964.36,4825617.54,120,W 5TH ST,Normal,48.1,48.1
data/2025spring/2025-3-9ChicoGroup1/GX011308.MP4/processed_frames/res_st_td_frame_122.jpg,-13563966.81,4825620.29,120,W 5TH ST,Normal,38.8,38.8
data/2025spring/2025-3-9ChicoGroup1/GX011308.MP4/processed_frames/res_st_td_frame_123.jpg,-13563969.48,4825623.62,120,W 5TH ST,Normal,28.1,28.1
data/2025spring/2025-3-9ChicoGroup1/GX011308.MP4/processed_frames/res_st_td_frame_124.jpg,-13563972.27,4825626.8,120,W 5TH ST,Normal,17.4,17.5
data/2025spring/2025-3-9ChicoGroup1/GX011308.MP4/processed_frames/res_st_td_frame_125.jpg,-13563975.27,4825630.28,120,W 5TH ST,Normal,5.8,6.2
data/2025spring/2025-3-9ChicoGroup1/GX011308.MP4/processed_frames/res_st_td_frame_126.jpg,-13563977.72,4825633.17,120,W 5TH ST,Normal,3.7,4.4
data/2025spring/2025-3-9ChicoGroup1/GX011308.MP4/processed_frames/res_st_td_frame_127.jpg,-13563980.73,4825636.79,120,W 5TH ST,Normal,15.5,15.8
data/2025spring/2025-3-9ChicoGroup1/GX011308.MP4/processed_frames/res_st_td_frame_128.jpg,-13563983.51,4825639.97,120,W 5TH ST,Normal,26.2,26.4
data/2025spring/2025-3-9ChicoGroup1/GX011308.MP4/processed_frames/res_st_td_frame_129.jpg,-13563986.85,4825643.88,120,W 5TH ST,Normal,39.2,39.3
data/2025spring/2025-3-9ChicoGroup1/GX011308.MP4/processed_frames/res_st_td_frame_130.jpg,-13563989.63,4825647.06,120,W 5TH ST,Normal,49.8,50.0
data/2025spring/2025-3-9ChicoGroup1/GX011308.MP4/processed_frames/res_st_td_frame_131.jpg,-13563992.08,4825649.96,120,W 5TH ST,Normal,59.4,59.5
data/2025spring/2025-3-9ChicoGroup1/GX011308.MP4/processed_frames/res_st_td_frame_132.jpg,-13563995.2,4825653.58,,UNMATCHED,Not found,71.4,71.5
data/2025spring/2025-3-9ChicoGroup1/GX011308.MP4/processed_frames/res_st_td_frame_133.jpg,-13563997.87,4825656.91,,UNMATCHED,Not found,82.1,82.3
data/2025spring/2025-3-9ChicoGroup1/GX011308.MP4/processed_frames/res_st_td_frame_134.jpg,-13564000.99,4825660.52,,UNMATCHED,Not found,94.2,94.3
data/2025spring/2025-3-9ChicoGroup1/GX011308.MP4/processed_frames/res_st_td_frame_135.jpg,-13564003.88,4825663.71,,UNMATCHED,Not found,105.0,105.2
data/2025spring/2025-3-9ChicoGroup1/GX011308.MP4/processed_frames/res_st_td_frame_136.jpg,-13564006.66,4825667.04,,UNMATCHED,Not found,115.9,116.1
data/2025spring/2025-3-9ChicoGroup1/GX011308.MP4/processed_frames/res_st_td_frame_137.jpg,-13564009.56,4825670.37,,UNMATCHED,Not found,127.0,127.2
data/2025spring/2025-3-9ChicoGroup1/GX011308.MP4/processed_frames/res_st_td_frame_138.jpg,-13564012.34,4825673.55,,UNMATCHED,Not found,137.7,137.9
data/2025spring/2025-3-9ChicoGroup1/GX011308.MP4/processed_frames/res_st_td_frame_139.jpg,-13564015.24,4825676.88,,UNMATCHED,Not found,148.8,149.0
data/2025spring/2025-3-9ChicoGroup1/GX011308.MP4/processed_frames/res_st_td_frame_140.jpg,-13564018.13,4825680.21,,UNMATCHED,Not found,159.9,160.1
data/2025spring/2025-3-9ChicoGroup1/GX011308.MP4/processed_frames/res_st_td_frame_141.jpg,-13564020.69,4825683.25,,UNMATCHED,Not found,168.7,169.7
data/2025spring/2025-3-9ChicoGroup1/GX011308.MP4/processed_frames/res_st_td_frame_142.jpg,-13564023.47,4825686.58,,UNMATCHED,Not found,157.7,158.8
data/2025spring/2025-3-9ChicoGroup1/GX011308.MP4/processed_frames/res_st_td_frame_143.jpg,-13564026.37,4825689.9,,UNMATCHED,Not found,146.6,147.7
data/2025spring/2025-3-9ChicoGroup1/GX011308.MP4/processed_frames/res_st_td_frame_144.jpg,-13564029.26,4825693.23,,UNMATCHED,Not found,135.5,136.6
data/2025spring/2025-3-9ChicoGroup1/GX011308.MP4/processed_frames/res_st_td_frame_145.jpg,-13564031.93,4825696.13,,UNMATCHED,Not found,125.6,126.7
data/2025spring/2025-3-9ChicoGroup1/GX011308.MP4/processed_frames/res_st_td_frame_146.jpg,-13564034.83,4825699.6,,UNMATCHED,Not found,114.2,115.4
data/2025spring/2025-3-9ChicoGroup1/GX011308.MP4/processed_frames/res_st_td_frame_147.jpg,-13564037.39,4825702.5,,UNMATCHED,Not found,104.5,105.7
data/2025spring/2025-3-9ChicoGroup1/GX011308.MP4/processed_frames/res_st_td_frame_148.jpg,-13564039.95,4825705.54,,UNMATCHED,Not found,94.5,95.8
data/2025spring/2025-3-9ChicoGroup1/GX011308.MP4/processed_frames/res_st_td_frame_149.jpg,-13564042.95,4825708.86,,UNMATCHED,Not found,83.2,84.6
data/2025spring/2025-3-9ChicoGroup1/GX011308.MP4/processed_frames/res_st_td_frame_150.jpg,-13564045.85,4825712.34,,UNMATCHED,Not found,71.8,73.4
data/2025spring/2025-3-9ChicoGroup1/GX011308.MP4/processed_frames/res_st_td_frame_151.jpg,-13564048.41,4825715.38,,UNMATCHED,Not found,61.8,63.5
data/2025spring/2025-3-9ChicoGroup1/GX011308.MP4/processed_frames/res_st_td_frame_152.jpg,-13564051.3,4825718.71,140,W 4TH ST,Normal,50.7,52.7
data/2025spring/2025-3-9ChicoGroup1/GX011308.MP4/processed_frames/res_st_td_frame_153.jpg,-13564053.97,4825721.6,140,W 4TH ST,Normal,40.8,43.0
data/2025spring/2025-3-9ChicoGroup1/GX011308.MP4/processed_frames/res_st_td_frame_154.jpg,-13564056.87,4825724.93,140,W 4TH ST,Normal,29.7,32.5
data/2025spring/2025-3-9ChicoGroup1/GX011308.MP4/processed_frames/res_st_td_frame_155.jpg,-13564059.43,4825727.97,140,W 4TH ST,Normal,19.6,23.6
data/2025spring/2025-3-9ChicoGroup1/GX011308.MP4/processed_frames/res_st_td_frame_156.jpg,-13564062.32,4825731.3,140,W 4TH ST,Normal,8.5,15.3
data/2025spring/2025-3-9ChicoGroup1/GX011308.MP4/processed_frames/res_st_td_frame_157.jpg,-13564065.22,4825734.63,140,W 4TH ST,Normal,2.6,12.6
data/2025spring/2025-3-9ChicoGroup1/GX011308.MP4/processed_frames/res_st_td_frame_158.jpg,-13564068.11,4825737.96,140,W 4TH ST,Normal,13.7,18.1
data/2025spring/2025-3-9ChicoGroup1/GX011308.MP4/processed_frames/res_st_td_frame_159.jpg,-13564070.78,4825740.99,140,W 4TH ST,Normal,23.9,26.5
data/2025spring/2025-3-9ChicoGroup1/GX011308.MP4/processed_frames/res_st_td_frame_160.jpg,-13564073.34,4825743.89,140,W 4TH ST,Normal,33.6,35.4
data/2025spring/2025-3-9ChicoGroup1/GX011308.MP4/processed_frames/res_st_td_frame_161.jpg,-13564076.24,4825747.36,140,W 4TH ST,Normal,45.0,46.3
data/2025spring/2025-3-9ChicoGroup1/GX011308.MP4/processed_frames/res_st_td_frame_162.jpg,-13564079.47,4825750.98,140,W 4TH ST,Normal,57.2,58.1
data/2025spring/2025-3-9ChicoGroup1/GX011308.MP4/processed_frames/res_st_td_frame_163.jpg,-13564082.25,4825754.17,,UNMATCHED,Not found,67.9,68.6
data/2025spring/2025-3-9ChicoGroup1/GX011308.MP4/processed_frames/res_st_td_frame_164.jpg,-13564085.48,4825757.78,,UNMATCHED,Not found,80.1,80.6
data/2025spring/2025-3-9ChicoGroup1/GX011308.MP4/processed_frames/res_st_td_frame_165.jpg,-13564088.26,4825761.11,,UNMATCHED,Not found,91.0,91.4
data/2025spring/2025-3-9ChicoGroup1/GX011308.MP4/processed_frames/res_st_td_frame_166.jpg,-13564090.93,4825764.15,,UNMATCHED,Not found,101.2,101.6
data/2025spring/2025-3-9ChicoGroup1/GX011308.MP4/processed_frames/res_st_td_frame_167.jpg,-13564093.27,4825766.76,,UNMATCHED,Not found,110.0,110.3
data/2025spring/2025-3-9ChicoGroup1/GX011308.MP4/processed_frames/res_st_td_frame_168.jpg,-13564095.83,4825769.8,,UNMATCHED,Not found,120.0,120.3
data/2025spring/2025-3-9ChicoGroup1/GX011308.MP4/processed_frames/res_st_td_frame_169.jpg,-13564098.5,4825772.69,,UNMATCHED,Not found,129.9,130.1
data/2025spring/2025-3-9ChicoGroup1/GX011308.MP4/processed_frames/res_st_td_frame_170.jpg,-13564100.73,4825775.44,,UNMATCHED,Not found,138.8,139.0
data/2025spring/2025-3-9ChicoGroup1/GX011308.MP4/processed_frames/res_st_td_frame_171.jpg,-13564103.85,4825778.91,,UNMATCHED,Not found,150.6,150.7
data/2025spring/2025-3-9ChicoGroup1/GX011308.MP4/processed_frames/res_st_td_frame_172.jpg,-13564106.63,4825782.24,,UNMATCHED,Not found,159.7,160.9
data/2025spring/2025-3-9ChicoGroup1/GX011308.MP4/processed_frames/res_st_td_frame_173.jpg,-13564109.86,4825785.86,,UNMATCHED,Not found,147.5,148.8
data/2025spring/2025-3-9ChicoGroup1/GX011308.MP4/processed_frames/res_st_td_frame_174.jpg,-13564112.75,4825789.19,,UNMATCHED,Not found,136.4,137.8
data/2025spring/2025-3-9ChicoGroup1/GX011308.MP4/processed_frames/res_st_td_frame_175.jpg,-13564115.98,4825792.95,,UNMATCHED,Not found,123.9,125.5
data/2025spring/2025-3-9ChicoGroup1/GX011308.MP4/processed_frames/res_st_td_frame_176.jpg,-13564118.43,4825795.85,,UNMATCHED,Not found,114.4,116.1
data/2025spring/2025-3-9ChicoGroup1/GX011308.MP4/processed_frames/res_st_td_frame_177.jpg,-13564120.99,4825798.6,,UNMATCHED,Not found,104.9,106.7
data/2025spring/2025-3-9ChicoGroup1/GX011308.MP4/processed_frames/res_st_td_frame_178.jpg,-13564123.44,4825801.49,,UNMATCHED,Not found,95.3,97.4
data/2025spring/2025-3-9ChicoGroup1/GX011308.MP4/processed_frames/res_st_td_frame_179.jpg,-13564125.66,4825804.1,,UNMATCHED,Not found,86.7,89.0
data/2025spring/2025-3-9ChicoGroup1/GX011308.MP4/processed_frames/res_st_td_frame_180.jpg,-13564128.11,4825806.99,,UNMATCHED,Not found,77.1,79.8
data/2025spring/2025-3-9ChicoGroup1/GX011308.MP4/processed_frames/res_st_td_frame_181.jpg,-13564130.56,4825809.89,,UNMATCHED,Not found,67.6,70.6
data/2025spring/2025-3-9ChicoGroup1/GX011308.MP4/processed_frames/res_st_td_frame_182.jpg,-13564133.12,4825812.78,130,W 3RD ST,Normal,57.8,61.4
data/2025spring/2025-3-9ChicoGroup1/GX011308.MP4/processed_frames/res_st_td_frame_183.jpg,-13564135.68,4825815.68,130,W 3RD ST,Normal,48.1,52.3
data/2025spring/2025-3-9ChicoGroup1/GX011308.MP4/processed_frames/res_st_td_frame_184.jpg,-13564138.24,4825818.72,130,W 3RD ST,Normal,38.1,43.4
data/2025spring/2025-3-9ChicoGroup1/GX011308.MP4/processed_frames/res_st_td_frame_185.jpg,-13564140.8,4825821.61,130,W 3RD ST,Normal,28.4,35.2
data/2025spring/2025-3-9ChicoGroup1/GX011308.MP4/processed_frames/res_st_td_frame_186.jpg,-13564143.7,4825824.94,130,W 3RD ST,Normal,17.2,27.2
data/2025spring/2025-3-9ChicoGroup1/GX011308.MP4/processed_frames/res_st_td_frame_187.jpg,-13564146.26,4825827.83,130,W 3RD ST,Normal,7.5,22.4
data/2025spring/2025-3-9ChicoGroup1/GX011308.MP4/processed_frames/res_st_td_frame_188.jpg,-13564149.15,4825831.16,130,W 3RD ST,Normal,3.6,21.5
data/2025spring/2025-3-9ChicoGroup1/GX011308.MP4/processed_frames/res_st_td_frame_189.jpg,-13564152.05,4825834.49,130,W 3RD ST,Normal,14.7,25.9
data/2025spring/2025-3-9ChicoGroup1/GX011308.MP4/processed_frames/res_st_td_frame_190.jpg,-13564154.94,4825837.82,130,W 3RD ST,Normal,25.9,33.6
data/2025spring/2025-3-9ChicoGroup1/GX011308.MP4/processed_frames/res_st_td_frame_191.jpg,-13564158.17,4825841.58,130,W 3RD ST,Normal,38.4,44.0
data/2025spring/2025-3-9ChicoGroup1/GX011308.MP4/processed_frames/res_st_td_frame_192.jpg,-13564160.95,4825844.77,130,W 3RD ST,Normal,49.0,53.6
data/2025spring/2025-3-9ChicoGroup1/GX011308.MP4/processed_frames/res_st_td_frame_193.jpg,-13564163.74,4825847.95,130,W 3RD ST,Normal,59.7,63.5
data/2025spring/2025-3-9ChicoGroup1/GX011308.MP4/processed_frames/res_st_td_frame_194.jpg,-13564167.3,4825851.86,,UNMATCHED,Not found,73.0,76.1
data/2025spring/2025-3-9ChicoGroup1/GX011308.MP4/processed_frames/res_st_td_frame_195.jpg,-13564170.41,4825855.48,,UNMATCHED,Not found,85.0,87.8
data/2025spring/2025-3-9ChicoGroup1/GX011308.MP4/processed_frames/res_st_td_frame_196.jpg,-13564173.09,4825858.52,,UNMATCHED,Not found,95.2,97.7
data/2025spring/2025-3-9ChicoGroup1/GX011308.MP4/processed_frames/res_st_td_frame_197.jpg,-13564175.42,4825861.27,,UNMATCHED,Not found,104.3,106.6
data/2025spring/2025-3-9ChicoGroup1/GX011308.MP4/processed_frames/res_st_td_frame_198.jpg,-13564178.1,4825864.31,,UNMATCHED,Not found,114.5,116.7
data/2025spring/2025-3-9ChicoGroup1/GX011308.MP4/processed_frames/res_st_td_frame_199.jpg,-13564180.66,4825867.2,,UNMATCHED,Not found,124.3,126.2
data/2025spring/2025-3-9ChicoGroup1/GX011308.MP4/processed_frames/res_st_td_frame_200.jpg,-13564183.22,4825870.24,,UNMATCHED,Not found,134.3,136.1
data/2025spring/2025-3-9ChicoGroup1/GX011308.MP4/processed_frames/res_st_td_frame_201.jpg,-13564185.78,4825873.14,,UNMATCHED,Not found,144.0,145.8
data/2025spring/2025-3-9ChicoGroup1/GX011308.MP4/processed_frames/res_st_td_frame_202.jpg,-13564188.78,4825876.61,,UNMATCHED,Not found,155.6,157.2
data/2025spring/2025-3-9ChicoGroup1/GX011308.MP4/processed_frames/res_st_td_frame_203.jpg,-13564191.79,4825879.94,,UNMATCHED,Not found,166.9,168.4
data/2025spring/2025-3-9ChicoGroup1/GX011308.MP4/processed_frames/res_st_td_frame_204.jpg,-13564194.91,4825883.41,,UNMATCHED,Not found,166.4,167.2
data/2025spring/2025-3-9ChicoGroup1/GX011308.MP4/processed_frames/res_st_td_frame_205.jpg,-13564197.8,4825886.74,,UNMATCHED,Not found,155.3,156.1
data/2025spring/2025-3-9ChicoGroup1/GX011308.MP4/processed_frames/res_st_td_frame_206.jpg,-13564200.69,4825889.92,,UNMATCHED,Not found,144.4,145.3
data/2025spring/2025-3-9ChicoGroup1/GX011308.MP4/processed_frames/res_st_td_frame_207.jpg,-13564203.81,4825893.4,,UNMATCHED,Not found,132.7,133.6
data/2025spring/2025-3-9ChicoGroup1/GX011308.MP4/processed_frames/res_st_td_frame_208.jpg,-13564206.82,4825896.73,,UNMATCHED,Not found,121.4,122.3
data/2025spring/2025-3-9ChicoGroup1/GX011308.MP4/processed_frames/res_st_td_frame_209.jpg,-13564209.15,4825900.06,,UNMATCHED,Not found,111.2,112.4
data/2025spring/2025-3-9ChicoGroup1/GX011308.MP4/processed_frames/res_st_td_frame_210.jpg,-13564211.71,4825903.1,,UNMATCHED,Not found,101.1,102.5
data/2025spring/2025-3-9ChicoGroup1/GX011308.MP4/processed_frames/res_st_td_frame_211.jpg,-13564214.5,4825906.28,,UNMATCHED,Not found,90.5,91.9
data/2025spring/2025-3-9ChicoGroup1/GX011308.MP4/processed_frames/res_st_td_frame_212.jpg,-13564217.06,4825909.32,,UNMATCHED,Not found,80.5,82.1
data/2025spring/2025-3-9ChicoGroup1/GX011308.MP4/processed_frames/res_st_td_frame_213.jpg,-13564219.73,4825912.79,,UNMATCHED,Not found,69.4,71.4
data/2025spring/2025-3-9ChicoGroup1/GX011308.MP4/processed_frames/res_st_td_frame_214.jpg,-13564222.07,4825915.69,,UNMATCHED,Not found,60.1,62.4
data/2025spring/2025-3-9ChicoGroup1/GX011308.MP4/processed_frames/res_st_td_frame_215.jpg,-13564222.51,4825916.56,120,W 2ND ST,Normal,57.7,60.3
data/2025spring/2025-3-9ChicoGroup1/GX011286.MP4/processed_frames/res_st_td_frame_0.jpg,-13564038.17,4825705.1,,UNMATCHED,Not found,98.2,99.9
data/2025spring/2025-3-9ChicoGroup1/GX011286.MP4/processed_frames/res_st_td_frame_1.jpg,-13564041.4,4825712.19,,UNMATCHED,Not found,79.2,82.6
data/2025spring/2025-3-9ChicoGroup1/GX011286.MP4/processed_frames/res_st_td_frame_2.jpg,-13564044.62,4825716.25,,UNMATCHED,Not found,66.1,70.2
data/2025spring/2025-3-9ChicoGroup1/GX011286.MP4/processed_frames/res_st_td_frame_3.jpg,-13564047.74,4825720.01,140,W 4TH ST,Normal,53.8,58.7
data/2025spring/2025-3-9ChicoGroup1/GX011286.MP4/processed_frames/res_st_td_frame_4.jpg,-13564050.41,4825724.21,140,W 4TH ST,Normal,41.3,48.2
data/2025spring/2025-3-9ChicoGroup1/GX011286.MP4/processed_frames/res_st_td_frame_5.jpg,-13564052.42,4825728.69,140,W 4TH ST,Normal,29.4,40.6
