Name,Code,Code description,Easting,Northing,Elevation,Description,Longitude,Latitude,Ellipsoidal height,Origin,Easting RMS,Northing RMS,Elevation RMS,Lateral RMS,Antenna height,Antenna height units,Solution status,Correction type,Averaging start,Averaging end,Samples,PDOP,GDOP,Base easting,Base northing,Base elevation,Base longitude,Base latitude,Base ellipsoidal height,Baseline,Mount point,CS name,GPS Satellites,GLONASS Satellites,Galileo Satellites,BeiDou Satellites,QZSS Satellites,Device type,Device serial number
3m1,,,6043155.195,2114305.940,3.959,,-122.29448618,37.78783444,-102.462,Global,0.012,0.013,0.024,0.018,8.645,ft,FIX,RTK,2026-03-19 14:15:54.2 UTC-07:00,2026-03-19 14:15:59.2 UTC-07:00,26,2.2,2.7,6046432.956,2124139.631,55.999,-122.28379401,37.81500805,-50.236,10366.375,EBMD_RTCM3,NAD83(2011) / California zone 3 (ftUS) + NAVD88(GEOID18) height (ftUS),9,9,0,0,0,Reach RS2,824359bb6d9fa7fb
3m2,,,6043156.644,2114308.871,4.192,,-122.29448136,37.78784257,-102.229,Global,0.030,0.015,0.016,0.033,8.645,ft,FIX,RTK,2026-03-19 14:16:15.2 UTC-07:00,2026-03-19 14:16:20.2 UTC-07:00,26,2.4,2.8,6046432.956,2124139.631,55.999,-122.28379401,37.81500805,-50.236,10363.083,EBMD_RTCM3,NAD83(2011) / California zone 3 (ftUS) + NAVD88(GEOID18) height (ftUS),10,9,0,0,0,Reach RS2,824359bb6d9fa7fb
3m3,,,6043155.433,2114309.670,4.043,,-122.29448561,37.78784470,-102.378,Global,0.014,0.024,0.019,0.028,8.645,ft,FIX,RTK,2026-03-19 14:16:27.0 UTC-07:00,2026-03-19 14:16:32.0 UTC-07:00,26,2.2,2.7,6046432.956,2124139.631,55.999,-122.28379401,37.81500805,-50.236,10362.697,EBMD_RTCM3,NAD83(2011) / California zone 3 (ftUS) + NAVD88(GEOID18) height (ftUS),10,9,0,0,0,Reach RS2,824359bb6d9fa7fb
3m4,,,6043153.593,2114307.814,4.099,,-122.29449185,37.78783951,-102.322,Global,0.012,0.011,0.022,0.016,8.645,ft,FIX,RTK,2026-03-19 14:16:45.4 UTC-07:00,2026-03-19 14:16:50.4 UTC-07:00,26,2.2,2.7,6046432.956,2124139.631,55.999,-122.28379401,37.81500805,-50.236,10365.085,EBMD_RTCM3,NAD83(2011) / California zone 3 (ftUS) + NAVD88(GEOID18) height (ftUS),9,9,0,0,0,Reach RS2,824359bb6d9fa7fb
3m2_1,,,6043166.431,2114310.684,4.436,,-122.29444762,37.78784806,-101.985,Global,0.011,0.017,0.029,0.020,8.645,ft,FIX,RTK,2026-03-19 14:18:22.0 UTC-07:00,2026-03-19 14:18:27.0 UTC-07:00,26,2.3,2.7,6046432.956,2124139.631,55.999,-122.28379401,37.81500805,-50.236,10358.355,EBMD_RTCM3,NAD83(2011) / California zone 3 (ftUS) + NAVD88(GEOID18) height (ftUS),9,9,0,0,0,Reach RS2,824359bb6d9fa7fb
3m2_2,,,6043170.236,2114311.446,4.187,,-122.29443451,37.78785036,-102.234,Global,0.021,0.019,0.031,0.028,8.645,ft,FIX,RTK,2026-03-19 14:18:32.2 UTC-07:00,2026-03-19 14:18:37.2 UTC-07:00,26,2.5,3.0,6046432.956,2124139.631,55.999,-122.28379401,37.81500805,-50.236,10356.308,EBMD_RTCM3,NAD83(2011) / California zone 3 (ftUS) + NAVD88(GEOID18) height (ftUS),9,9,0,0,0,Reach RS2,824359bb6d9fa7fb
3m2_3,,,6043169.354,2114313.510,3.873,,-122.29443770,37.78785598,-102.547,Global,0.011,0.010,0.017,0.015,8.645,ft,FIX,RTK,2026-03-19 14:18:45.6 UTC-07:00,2026-03-19 14:18:50.6 UTC-07:00,26,1.9,2.2,6046432.956,2124139.631,55.999,-122.28379401,37.81500805,-50.236,10354.724,EBMD_RTCM3,NAD83(2011) / California zone 3 (ftUS) + NAVD88(GEOID18) height (ftUS),9,9,0,0,0,Reach RS2,824359bb6d9fa7fb
3m2_4,,,6043165.453,2114312.644,4.265,,-122.29445114,37.78785339,-102.156,Global,0.011,0.018,0.013,0.021,8.645,ft,FIX,RTK,2026-03-19 14:18:59.8 UTC-07:00,2026-03-19 14:19:04.8 UTC-07:00,26,2.5,3.0,6046432.956,2124139.631,55.999,-122.28379401,37.81500805,-50.236,10356.691,EBMD_RTCM3,NAD83(2011) / California zone 3 (ftUS) + NAVD88(GEOID18) height (ftUS),10,9,0,0,0,Reach RS2,824359bb6d9fa7fb
autoA19_1,,,6042543.053,2108797.531,8.503,start,-122.29623829,37.77267707,-98.002,Global,0.013,0.011,0.010,0.017,8.645,ft,FIX,RTK,2026-03-19 15:22:25.2 UTC-07:00,2026-03-19 15:22:30.2 UTC-07:00,25,1.7,2.0,6046432.956,2124139.631,55.999,-122.28379401,37.81500805,-50.236,15828.700,EBMD_RTCM3,NAD83(2011) / California zone 3 (ftUS) + NAVD88(GEOID18) height (ftUS),12,8,0,0,0,Reach RS2,824359bb6d9fa7fb
autoA19_2,,,6042529.381,2108657.832,8.933,start,-122.29627631,37.77229276,-97.574,Global,0.010,0.010,0.011,0.015,8.645,ft,FIX,RTK,2026-03-19 15:23:18.2 UTC-07:00,2026-03-19 15:23:23.2 UTC-07:00,26,2.1,2.5,6046432.956,2124139.631,55.999,-122.28379401,37.81500805,-50.236,15967.448,EBMD_RTCM3,NAD83(2011) / California zone 3 (ftUS) + NAVD88(GEOID18) height (ftUS),11,8,0,0,0,Reach RS2,824359bb6d9fa7fb
autoA19_3,,,6042518.275,2108658.295,8.955,end,-122.29631475,37.77229345,-97.552,Global,0.010,0.010,0.012,0.014,8.645,ft,FIX,RTK,2026-03-19 15:24:05.0 UTC-07:00,2026-03-19 15:24:10.0 UTC-07:00,26,1.8,2.0,6046432.956,2124139.631,55.999,-122.28379401,37.81500805,-50.236,15969.733,EBMD_RTCM3,NAD83(2011) / California zone 3 (ftUS) + NAVD88(GEOID18) height (ftUS),12,8,0,0,0,Reach RS2,824359bb6d9fa7fb
autoA19_4,,,6042530.891,2108798.355,8.473,start,-122.29628041,37.77267869,-98.032,Global,0.011,0.011,0.011,0.015,8.645,ft,FIX,RTK,2026-03-19 15:25:17.2 UTC-07:00,2026-03-19 15:25:22.2 UTC-07:00,26,1.7,1.9,6046432.956,2124139.631,55.999,-122.28379401,37.81500805,-50.236,15830.836,EBMD_RTCM3,NAD83(2011) / California zone 3 (ftUS) + NAVD88(GEOID18) height (ftUS),13,8,0,0,0,Reach RS2,824359bb6d9fa7fb
